{"PREVALENCE_BY_GENDER_AGE_YEAR":{"TRELLIS_NAME":["60-69","60-69","80-89","90-99","70-79","60-69","80-89"],"SERIES_NAME":["FEMALE","MALE","MALE","MALE","MALE","FEMALE","FEMALE"],"X_CALENDAR_YEAR":["2008","2008","2008","2008","2008","2009","2010"],"Y_PREVALENCE_1000PP":[8.84956,6.66667,12.04819,100,11.76471,10.10101,6.99301]},"PREVALENCE_BY_MONTH":{"X_CALENDAR_MONTH":[],"Y_PREVALENCE_1000PP":[]},"LENGTH_OF_ERA":{"CATEGORY":"Length of era","MIN_VALUE":0,"P10_VALUE":0,"P25_VALUE":0,"MEDIAN_VALUE":0,"P75_VALUE":0,"P90_VALUE":0,"MAX_VALUE":0},"AGE_AT_FIRST_DIAGNOSIS":{"CATEGORY":["FEMALE","MALE"],"MIN_VALUE":[67,61],"P10_VALUE":[67,61],"P25_VALUE":[67,73],"MEDIAN_VALUE":[69,75],"P75_VALUE":[86,83],"P90_VALUE":[86,94],"MAX_VALUE":[86,94]}}
