{"PREVALENCE_BY_GENDER_AGE_YEAR":{"TRELLIS_NAME":["60-69","90-99","60-69","70-79","40-49","80-89","50-59","30-39","30-39","80-89","80-89","40-49","70-79","90-99","60-69","40-49","70-79","100-109","70-79","90-99","80-89","70-79","80-89","90-99"],"SERIES_NAME":["MALE","FEMALE","FEMALE","FEMALE","MALE","FEMALE","MALE","MALE","FEMALE","MALE","FEMALE","FEMALE","FEMALE","MALE","MALE","MALE","MALE","MALE","FEMALE","FEMALE","FEMALE","MALE","MALE","MALE"],"X_CALENDAR_YEAR":["2008","2008","2008","2008","2008","2008","2008","2008","2008","2009","2009","2009","2009","2009","2009","2009","2009","2009","2010","2010","2010","2010","2010","2010"],"Y_PREVALENCE_1000PP":[13.33333,38.46154,8.84956,19.10828,41.66667,20.54795,28.57143,100,125,11.11111,13.98601,71.42857,24.84472,71.42857,8.40336,41.66667,5.58659,500,12.98701,19.23077,13.98601,10.86957,44.94382,45.45455]},"PREVALENCE_BY_MONTH":{"X_CALENDAR_MONTH":"201001","Y_PREVALENCE_1000PP":2.15054},"LENGTH_OF_ERA":{"CATEGORY":"Length of era","MIN_VALUE":0,"P10_VALUE":0,"P25_VALUE":0,"MEDIAN_VALUE":0,"P75_VALUE":0,"P90_VALUE":0,"MAX_VALUE":3},"AGE_AT_FIRST_DIAGNOSIS":{"CATEGORY":["MALE","FEMALE"],"MIN_VALUE":[38,36],"P10_VALUE":[43,66],"P25_VALUE":[64,71],"MEDIAN_VALUE":[74,78],"P75_VALUE":[84,85],"P90_VALUE":[96,89],"MAX_VALUE":[100,98]}}
