{"PREVALENCE_BY_GENDER_AGE_YEAR":{"TRELLIS_NAME":["70-79","50-59","70-79","60-69"],"SERIES_NAME":["FEMALE","FEMALE","MALE","MALE"],"X_CALENDAR_YEAR":["2008","2008","2009","2010"],"Y_PREVALENCE_1000PP":[12.73885,58.82353,5.58659,9.90099]},"PREVALENCE_BY_MONTH":{"X_CALENDAR_MONTH":[],"Y_PREVALENCE_1000PP":[]},"LENGTH_OF_ERA":{"CATEGORY":"Length of era","MIN_VALUE":0,"P10_VALUE":0,"P25_VALUE":0,"MEDIAN_VALUE":0,"P75_VALUE":0,"P90_VALUE":0,"MAX_VALUE":0},"AGE_AT_FIRST_DIAGNOSIS":{"CATEGORY":["MALE","FEMALE"],"MIN_VALUE":[66,55],"P10_VALUE":[66,55],"P25_VALUE":[66,55],"MEDIAN_VALUE":[66,74],"P75_VALUE":[74,75],"P90_VALUE":[74,75],"MAX_VALUE":[74,75]}}
