{"PREVALENCE_BY_GENDER_AGE_YEAR":{"TRELLIS_NAME":["60-69","50-59","80-89","60-69"],"SERIES_NAME":["MALE","MALE","MALE","MALE"],"X_CALENDAR_YEAR":["2008","2008","2009","2010"],"Y_PREVALENCE_1000PP":[6.66667,28.57143,11.11111,9.90099]},"PREVALENCE_BY_MONTH":{"X_CALENDAR_MONTH":["200901","201001"],"Y_PREVALENCE_1000PP":[1.04384,1.07527]},"LENGTH_OF_ERA":{"CATEGORY":"Length of era","MIN_VALUE":0,"P10_VALUE":0,"P25_VALUE":0,"MEDIAN_VALUE":0,"P75_VALUE":0,"P90_VALUE":1,"MAX_VALUE":1},"AGE_AT_FIRST_DIAGNOSIS":{"CATEGORY":"MALE","MIN_VALUE":55,"P10_VALUE":55,"P25_VALUE":55,"MEDIAN_VALUE":66,"P75_VALUE":69,"P90_VALUE":82,"MAX_VALUE":82}}
