{"PREVALENCE_BY_GENDER_AGE_YEAR":{"TRELLIS_NAME":["80-89","70-79","90-99","70-79"],"SERIES_NAME":["MALE","MALE","FEMALE","MALE"],"X_CALENDAR_YEAR":["2008","2009","2009","2010"],"Y_PREVALENCE_1000PP":[12.04819,5.58659,24.39024,5.43478]},"PREVALENCE_BY_MONTH":{"X_CALENDAR_MONTH":[],"Y_PREVALENCE_1000PP":[]},"LENGTH_OF_ERA":{"CATEGORY":"Length of era","MIN_VALUE":0,"P10_VALUE":0,"P25_VALUE":0,"MEDIAN_VALUE":0,"P75_VALUE":0,"P90_VALUE":0,"MAX_VALUE":0},"AGE_AT_FIRST_DIAGNOSIS":{"CATEGORY":["MALE","FEMALE"],"MIN_VALUE":[75,93],"P10_VALUE":[75,93],"P25_VALUE":[75,93],"MEDIAN_VALUE":[78,93],"P75_VALUE":[88,93],"P90_VALUE":[88,93],"MAX_VALUE":[88,93]}}
