{"PREVALENCE_BY_GENDER_AGE_YEAR":{"TRELLIS_NAME":["70-79","80-89","80-89","70-79","60-69"],"SERIES_NAME":["MALE","FEMALE","MALE","MALE","FEMALE"],"X_CALENDAR_YEAR":["2008","2008","2009","2010","2010"],"Y_PREVALENCE_1000PP":[5.88235,13.69863,11.11111,5.43478,12.19512]},"PREVALENCE_BY_MONTH":{"X_CALENDAR_MONTH":[],"Y_PREVALENCE_1000PP":[]},"LENGTH_OF_ERA":{"CATEGORY":"Length of era","MIN_VALUE":0,"P10_VALUE":0,"P25_VALUE":0,"MEDIAN_VALUE":0,"P75_VALUE":0,"P90_VALUE":0,"MAX_VALUE":0},"AGE_AT_FIRST_DIAGNOSIS":{"CATEGORY":["FEMALE","MALE"],"MIN_VALUE":[69,73],"P10_VALUE":[69,73],"P25_VALUE":[69,73],"MEDIAN_VALUE":[80,76],"P75_VALUE":[81,80],"P90_VALUE":[81,80],"MAX_VALUE":[81,80]}}
