{"PREVALENCE_BY_GENDER_AGE_YEAR":{"TRELLIS_NAME":["40-49","70-79","60-69","50-59","80-89","70-79","60-69","80-89","70-79","90-99","50-59","60-69","40-49","70-79","80-89","40-49","70-79","80-89","70-79","90-99","50-59"],"SERIES_NAME":["FEMALE","FEMALE","MALE","MALE","MALE","MALE","FEMALE","FEMALE","MALE","FEMALE","MALE","MALE","FEMALE","FEMALE","MALE","FEMALE","MALE","MALE","FEMALE","MALE","MALE"],"X_CALENDAR_YEAR":["2008","2008","2008","2008","2008","2008","2009","2009","2009","2009","2009","2009","2009","2009","2009","2010","2010","2010","2010","2010","2010"],"Y_PREVALENCE_1000PP":[66.66667,31.84713,13.33333,28.57143,24.09639,17.64706,10.10101,13.98601,33.51955,73.17073,85.71429,33.61345,71.42857,24.84472,22.22222,71.42857,16.30435,11.23596,6.49351,45.45455,31.25]},"PREVALENCE_BY_MONTH":{"X_CALENDAR_MONTH":["200901","201001"],"Y_PREVALENCE_1000PP":[1.04384,1.07527]},"LENGTH_OF_ERA":{"CATEGORY":"Length of era","MIN_VALUE":0,"P10_VALUE":0,"P25_VALUE":0,"MEDIAN_VALUE":0,"P75_VALUE":2,"P90_VALUE":7,"MAX_VALUE":9},"AGE_AT_FIRST_DIAGNOSIS":{"CATEGORY":["FEMALE","MALE"],"MIN_VALUE":[43,50],"P10_VALUE":[46,53],"P25_VALUE":[71,66],"MEDIAN_VALUE":[75,71],"P75_VALUE":[80,78],"P90_VALUE":[93,83],"MAX_VALUE":[98,97]}}
