{"PREVALENCE_BY_GENDER_AGE_YEAR":{"TRELLIS_NAME":["80-89","50-59","70-79","60-69","20-29","80-89","70-79","60-69","20-29","60-69","70-79","50-59","20-29","40-49","60-69","70-79","90-99","80-89","80-89","90-99","70-79","60-69","60-69","70-79"],"SERIES_NAME":["FEMALE","FEMALE","FEMALE","FEMALE","MALE","MALE","MALE","MALE","FEMALE","FEMALE","MALE","FEMALE","MALE","FEMALE","MALE","FEMALE","FEMALE","FEMALE","FEMALE","MALE","FEMALE","FEMALE","MALE","MALE"],"X_CALENDAR_YEAR":["2008","2008","2008","2008","2008","2008","2008","2008","2008","2009","2009","2009","2009","2009","2009","2009","2009","2009","2010","2010","2010","2010","2010","2010"],"Y_PREVALENCE_1000PP":[13.69863,58.82353,6.36943,35.39823,166.66667,12.04819,23.52941,13.33333,333.33333,10.10101,22.34637,71.42857,142.85714,71.42857,8.40336,18.63354,24.39024,13.98601,13.98601,45.45455,12.98701,12.19512,9.90099,16.30435]},"PREVALENCE_BY_MONTH":{"X_CALENDAR_MONTH":"200901","Y_PREVALENCE_1000PP":1.04384},"LENGTH_OF_ERA":{"CATEGORY":"Length of era","MIN_VALUE":0,"P10_VALUE":0,"P25_VALUE":0,"MEDIAN_VALUE":0,"P75_VALUE":0,"P90_VALUE":1,"MAX_VALUE":7},"AGE_AT_FIRST_DIAGNOSIS":{"CATEGORY":["MALE","FEMALE"],"MIN_VALUE":[27,28],"P10_VALUE":[29,58],"P25_VALUE":[69,62],"MEDIAN_VALUE":[73,70],"P75_VALUE":[76,80],"P90_VALUE":[81,85],"MAX_VALUE":[90,93]}}
