{"PREVALENCE_BY_GENDER_AGE_YEAR":{"TRELLIS_NAME":["60-69","80-89","70-79","60-69","80-89","90-99","80-89","70-79","70-79","50-59","50-59","90-99","60-69","80-89","90-99","70-79","80-89","60-69","70-79","90-99","60-69","40-49","80-89"],"SERIES_NAME":["FEMALE","FEMALE","MALE","MALE","MALE","MALE","FEMALE","MALE","FEMALE","MALE","FEMALE","MALE","FEMALE","MALE","FEMALE","FEMALE","MALE","FEMALE","MALE","FEMALE","MALE","FEMALE","FEMALE"],"X_CALENDAR_YEAR":["2008","2008","2008","2008","2008","2008","2009","2009","2009","2009","2009","2009","2009","2009","2009","2010","2010","2010","2010","2010","2010","2010","2010"],"Y_PREVALENCE_1000PP":[35.39823,13.69863,29.41176,20,24.09639,100,27.97203,22.34637,6.21118,28.57143,71.42857,71.42857,10.10101,22.22222,48.78049,6.49351,22.47191,24.39024,5.43478,38.46154,69.30693,142.85714,20.97902]},"PREVALENCE_BY_MONTH":{"X_CALENDAR_MONTH":["200801","200901","201001"],"Y_PREVALENCE_1000PP":[2.0555,2.08768,2.15054]},"LENGTH_OF_ERA":{"CATEGORY":"Length of era","MIN_VALUE":0,"P10_VALUE":0,"P25_VALUE":0,"MEDIAN_VALUE":0,"P75_VALUE":0,"P90_VALUE":5,"MAX_VALUE":21},"AGE_AT_FIRST_DIAGNOSIS":{"CATEGORY":["MALE","FEMALE"],"MIN_VALUE":[57,43],"P10_VALUE":[63,47],"P25_VALUE":[67,66],"MEDIAN_VALUE":[74,71],"P75_VALUE":[82,84],"P90_VALUE":[86,89],"MAX_VALUE":[97,97]}}
