{"PREVALENCE_BY_GENDER_AGE_YEAR":{"TRELLIS_NAME":["80-89","70-79","60-69","80-89","80-89","70-79","60-69","80-89","90-99","70-79","60-69"],"SERIES_NAME":["MALE","FEMALE","MALE","FEMALE","FEMALE","MALE","MALE","MALE","FEMALE","MALE","FEMALE"],"X_CALENDAR_YEAR":["2008","2008","2008","2008","2009","2009","2009","2010","2010","2010","2010"],"Y_PREVALENCE_1000PP":[12.04819,6.36943,6.66667,13.69863,13.98601,5.58659,16.80672,22.47191,19.23077,5.43478,12.19512]},"PREVALENCE_BY_MONTH":{"X_CALENDAR_MONTH":["200901","201001"],"Y_PREVALENCE_1000PP":[1.04384,1.07527]},"LENGTH_OF_ERA":{"CATEGORY":"Length of era","MIN_VALUE":0,"P10_VALUE":0,"P25_VALUE":0,"MEDIAN_VALUE":0,"P75_VALUE":0,"P90_VALUE":0,"MAX_VALUE":0},"AGE_AT_FIRST_DIAGNOSIS":{"CATEGORY":["MALE","FEMALE"],"MIN_VALUE":[65,67],"P10_VALUE":[65,67],"P25_VALUE":[66,70],"MEDIAN_VALUE":[71,84],"P75_VALUE":[82,89],"P90_VALUE":[83,91],"MAX_VALUE":[83,91]}}
