{"PREVALENCE_BY_GENDER_AGE_YEAR":{"TRELLIS_NAME":["70-79","60-69","60-69","80-89","40-49","70-79","50-59","80-89","20-29","70-79","30-39","60-69","40-49","40-49","80-89","60-69","80-89","70-79","90-99","90-99","80-89","50-59","70-79","60-69","90-99","40-49","80-89","90-99","70-79","60-69"],"SERIES_NAME":["FEMALE","FEMALE","MALE","MALE","FEMALE","MALE","FEMALE","FEMALE","MALE","FEMALE","MALE","MALE","MALE","FEMALE","FEMALE","FEMALE","MALE","MALE","MALE","FEMALE","FEMALE","MALE","FEMALE","MALE","MALE","MALE","MALE","FEMALE","MALE","FEMALE"],"X_CALENDAR_YEAR":["2008","2008","2008","2008","2008","2008","2008","2008","2008","2009","2009","2009","2009","2009","2009","2009","2009","2009","2009","2009","2010","2010","2010","2010","2010","2010","2010","2010","2010","2010"],"Y_PREVALENCE_1000PP":[31.84713,26.54867,20,36.14458,66.66667,35.29412,58.82353,27.39726,166.66667,31.0559,166.66667,42.01681,41.66667,71.42857,34.96503,20.20202,11.11111,22.34637,71.42857,24.39024,6.99301,31.25,25.97403,49.50495,45.45455,50,11.23596,38.46154,32.6087,60.97561]},"PREVALENCE_BY_MONTH":{"X_CALENDAR_MONTH":["200801","200901","201001"],"Y_PREVALENCE_1000PP":[2.0555,2.08768,4.30108]},"LENGTH_OF_ERA":{"CATEGORY":"Length of era","MIN_VALUE":0,"P10_VALUE":0,"P25_VALUE":0,"MEDIAN_VALUE":0,"P75_VALUE":0,"P90_VALUE":0,"MAX_VALUE":9},"AGE_AT_FIRST_DIAGNOSIS":{"CATEGORY":["FEMALE","MALE"],"MIN_VALUE":[43,27],"P10_VALUE":[64,49],"P25_VALUE":[68,66],"MEDIAN_VALUE":[73,72],"P75_VALUE":[81,79],"P90_VALUE":[86,84],"MAX_VALUE":[96,90]}}
