{"PREVALENCE_BY_GENDER_AGE_YEAR":{"TRELLIS_NAME":["70-79","70-79","40-49","80-89","60-69","90-99","70-79","90-99"],"SERIES_NAME":["MALE","FEMALE","MALE","MALE","MALE","FEMALE","MALE","MALE"],"X_CALENDAR_YEAR":["2008","2008","2008","2008","2009","2009","2009","2010"],"Y_PREVALENCE_1000PP":[5.88235,6.36943,41.66667,12.04819,8.40336,24.39024,5.58659,45.45455]},"PREVALENCE_BY_MONTH":{"X_CALENDAR_MONTH":[],"Y_PREVALENCE_1000PP":[]},"LENGTH_OF_ERA":{"CATEGORY":"Length of era","MIN_VALUE":0,"P10_VALUE":0,"P25_VALUE":0,"MEDIAN_VALUE":0,"P75_VALUE":2,"P90_VALUE":4,"MAX_VALUE":4},"AGE_AT_FIRST_DIAGNOSIS":{"CATEGORY":["FEMALE","MALE"],"MIN_VALUE":[71,43],"P10_VALUE":[71,43],"P25_VALUE":[71,67],"MEDIAN_VALUE":[71,74],"P75_VALUE":[93,83],"P90_VALUE":[93,90],"MAX_VALUE":[93,90]}}
