{"PREVALENCE_BY_GENDER_AGE_YEAR":{"TRELLIS_NAME":["60-69","80-89","60-69","80-89","70-79","50-59","60-69","70-79","60-69"],"SERIES_NAME":["FEMALE","FEMALE","MALE","MALE","MALE","FEMALE","FEMALE","MALE","MALE"],"X_CALENDAR_YEAR":["2008","2009","2009","2009","2009","2009","2009","2010","2010"],"Y_PREVALENCE_1000PP":[8.84956,6.99301,16.80672,11.11111,5.58659,71.42857,20.20202,5.43478,9.90099]},"PREVALENCE_BY_MONTH":{"X_CALENDAR_MONTH":[],"Y_PREVALENCE_1000PP":[]},"LENGTH_OF_ERA":{"CATEGORY":"Length of era","MIN_VALUE":0,"P10_VALUE":0,"P25_VALUE":0,"MEDIAN_VALUE":0,"P75_VALUE":0,"P90_VALUE":0,"MAX_VALUE":9},"AGE_AT_FIRST_DIAGNOSIS":{"CATEGORY":["FEMALE","MALE"],"MIN_VALUE":[50,62],"P10_VALUE":[50,62],"P25_VALUE":[66,66],"MEDIAN_VALUE":[68,68],"P75_VALUE":[69,76],"P90_VALUE":[82,85],"MAX_VALUE":[82,85]}}
