{"PREVALENCE_BY_GENDER_AGE_YEAR":{"TRELLIS_NAME":["80-89","70-79","70-79","30-39","50-59","80-89","40-49","70-79","70-79","40-49","80-89","60-69","80-89","80-89","70-79","90-99","50-59","70-79","40-49"],"SERIES_NAME":["FEMALE","FEMALE","MALE","MALE","MALE","MALE","FEMALE","MALE","FEMALE","MALE","MALE","MALE","MALE","FEMALE","MALE","FEMALE","MALE","FEMALE","MALE"],"X_CALENDAR_YEAR":["2008","2008","2008","2008","2008","2008","2009","2009","2009","2009","2009","2009","2010","2010","2010","2010","2010","2010","2010"],"Y_PREVALENCE_1000PP":[6.84932,12.73885,11.76471,100,28.57143,12.04819,71.42857,5.58659,12.42236,41.66667,22.22222,16.80672,22.47191,13.98601,10.86957,19.23077,31.25,12.98701,50]},"PREVALENCE_BY_MONTH":{"X_CALENDAR_MONTH":["200901","201001"],"Y_PREVALENCE_1000PP":[2.08768,1.07527]},"LENGTH_OF_ERA":{"CATEGORY":"Length of era","MIN_VALUE":0,"P10_VALUE":0,"P25_VALUE":0,"MEDIAN_VALUE":0,"P75_VALUE":0,"P90_VALUE":1,"MAX_VALUE":10},"AGE_AT_FIRST_DIAGNOSIS":{"CATEGORY":["FEMALE","MALE"],"MIN_VALUE":[40,35],"P10_VALUE":[70,40],"P25_VALUE":[71,58],"MEDIAN_VALUE":[76,72],"P75_VALUE":[86,81],"P90_VALUE":[88,82],"MAX_VALUE":[90,82]}}
