{"PREVALENCE_BY_GENDER_AGE_YEAR":{"TRELLIS_NAME":["50-59","40-49","90-99","60-69","70-79","80-89","90-99","80-89"],"SERIES_NAME":["MALE","FEMALE","FEMALE","MALE","FEMALE","FEMALE","FEMALE","MALE"],"X_CALENDAR_YEAR":["2008","2008","2009","2009","2009","2010","2010","2010"],"Y_PREVALENCE_1000PP":[28.57143,66.66667,48.78049,16.80672,6.21118,13.98601,19.23077,11.23596]},"PREVALENCE_BY_MONTH":{"X_CALENDAR_MONTH":"201001","Y_PREVALENCE_1000PP":2.15054},"LENGTH_OF_ERA":{"CATEGORY":"Length of era","MIN_VALUE":0,"P10_VALUE":0,"P25_VALUE":0,"MEDIAN_VALUE":0,"P75_VALUE":0,"P90_VALUE":0,"MAX_VALUE":2},"AGE_AT_FIRST_DIAGNOSIS":{"CATEGORY":["MALE","FEMALE"],"MIN_VALUE":[55,49],"P10_VALUE":[55,49],"P25_VALUE":[55,71],"MEDIAN_VALUE":[67,81],"P75_VALUE":[67,90],"P90_VALUE":[82,96],"MAX_VALUE":[82,96]}}
