{"PREVALENCE_BY_GENDER_AGE_YEAR":{"TRELLIS_NAME":["20-29","70-79","90-99","80-89","90-99","60-69","60-69","70-79","80-89","60-69","80-89","100-109","70-79"],"SERIES_NAME":["MALE","FEMALE","FEMALE","FEMALE","FEMALE","MALE","FEMALE","MALE","MALE","FEMALE","FEMALE","MALE","FEMALE"],"X_CALENDAR_YEAR":["2008","2008","2008","2008","2009","2009","2009","2009","2009","2010","2010","2010","2010"],"Y_PREVALENCE_1000PP":[166.66667,6.36943,38.46154,6.84932,24.39024,8.40336,10.10101,16.75978,11.11111,12.19512,20.97902,500,6.49351]},"PREVALENCE_BY_MONTH":{"X_CALENDAR_MONTH":"201001","Y_PREVALENCE_1000PP":1.07527},"LENGTH_OF_ERA":{"CATEGORY":"Length of era","MIN_VALUE":0,"P10_VALUE":0,"P25_VALUE":0,"MEDIAN_VALUE":0,"P75_VALUE":0,"P90_VALUE":4,"MAX_VALUE":9},"AGE_AT_FIRST_DIAGNOSIS":{"CATEGORY":["FEMALE","MALE"],"MIN_VALUE":[66,27],"P10_VALUE":[66,27],"P25_VALUE":[72,68],"MEDIAN_VALUE":[81,75],"P75_VALUE":[87,84],"P90_VALUE":[90,101],"MAX_VALUE":[92,101]}}
