{"PREVALENCE_BY_GENDER_AGE_YEAR":{"TRELLIS_NAME":["70-79","70-79","60-69","80-89","80-89","60-69","80-89","60-69","70-79","70-79","70-79","20-29","40-49","60-69"],"SERIES_NAME":["MALE","FEMALE","MALE","FEMALE","FEMALE","MALE","MALE","FEMALE","MALE","FEMALE","MALE","MALE","FEMALE","MALE"],"X_CALENDAR_YEAR":["2008","2008","2008","2008","2009","2009","2009","2009","2009","2009","2010","2010","2010","2010"],"Y_PREVALENCE_1000PP":[23.52941,6.36943,6.66667,6.84932,6.99301,16.80672,11.11111,10.10101,5.58659,12.42236,10.86957,200,71.42857,9.90099]},"PREVALENCE_BY_MONTH":{"X_CALENDAR_MONTH":["200801","200901","201001"],"Y_PREVALENCE_1000PP":[1.02775,1.04384,1.07527]},"LENGTH_OF_ERA":{"CATEGORY":"Length of era","MIN_VALUE":0,"P10_VALUE":0,"P25_VALUE":0,"MEDIAN_VALUE":0,"P75_VALUE":0,"P90_VALUE":0,"MAX_VALUE":10},"AGE_AT_FIRST_DIAGNOSIS":{"CATEGORY":["MALE","FEMALE"],"MIN_VALUE":[29,44],"P10_VALUE":[65,44],"P25_VALUE":[69,69],"MEDIAN_VALUE":[71,74],"P75_VALUE":[78,89],"P90_VALUE":[79,89],"MAX_VALUE":[83,89]}}
