{"PREVALENCE_BY_GENDER_AGE_YEAR":{"TRELLIS_NAME":["80-89","80-89","70-79","40-49","70-79","70-79","60-69","40-49","80-89"],"SERIES_NAME":["MALE","FEMALE","MALE","FEMALE","FEMALE","MALE","MALE","FEMALE","FEMALE"],"X_CALENDAR_YEAR":["2008","2008","2008","2008","2009","2009","2010","2010","2010"],"Y_PREVALENCE_1000PP":[12.04819,6.84932,5.88235,66.66667,6.21118,5.58659,9.90099,71.42857,13.98601]},"PREVALENCE_BY_MONTH":{"X_CALENDAR_MONTH":["200801","201001"],"Y_PREVALENCE_1000PP":[1.02775,1.07527]},"LENGTH_OF_ERA":{"CATEGORY":"Length of era","MIN_VALUE":0,"P10_VALUE":0,"P25_VALUE":0,"MEDIAN_VALUE":0,"P75_VALUE":0,"P90_VALUE":0,"MAX_VALUE":2},"AGE_AT_FIRST_DIAGNOSIS":{"CATEGORY":["FEMALE","MALE"],"MIN_VALUE":[43,62],"P10_VALUE":[43,62],"P25_VALUE":[45,62],"MEDIAN_VALUE":[74,70],"P75_VALUE":[81,79],"P90_VALUE":[81,80],"MAX_VALUE":[81,80]}}
