{"PREVALENCE_BY_GENDER_AGE_YEAR":{"TRELLIS_NAME":["60-69","30-39","90-99","70-79","80-89","50-59","50-59","30-39","90-99"],"SERIES_NAME":["FEMALE","MALE","MALE","MALE","MALE","MALE","FEMALE","MALE","MALE"],"X_CALENDAR_YEAR":["2008","2008","2008","2008","2009","2010","2010","2010","2010"],"Y_PREVALENCE_1000PP":[17.69912,100,100,5.88235,11.11111,31.25,71.42857,142.85714,45.45455]},"PREVALENCE_BY_MONTH":{"X_CALENDAR_MONTH":"201001","Y_PREVALENCE_1000PP":2.15054},"LENGTH_OF_ERA":{"CATEGORY":"Length of era","MIN_VALUE":0,"P10_VALUE":0,"P25_VALUE":0,"MEDIAN_VALUE":0,"P75_VALUE":0,"P90_VALUE":0,"MAX_VALUE":0},"AGE_AT_FIRST_DIAGNOSIS":{"CATEGORY":["FEMALE","MALE"],"MIN_VALUE":[51,35],"P10_VALUE":[51,35],"P25_VALUE":[51,36],"MEDIAN_VALUE":[64,79],"P75_VALUE":[66,90],"P90_VALUE":[66,94],"MAX_VALUE":[66,94]}}
