{"PREVALENCE_BY_GENDER_AGE_YEAR":{"TRELLIS_NAME":["80-89","50-59","60-69","80-89","70-79","60-69","40-49","50-59","60-69","60-69","70-79","70-79","90-99","80-89","80-89","40-49","90-99","70-79","70-79"],"SERIES_NAME":["FEMALE","MALE","FEMALE","MALE","MALE","MALE","FEMALE","FEMALE","MALE","FEMALE","MALE","FEMALE","MALE","FEMALE","FEMALE","FEMALE","FEMALE","FEMALE","MALE"],"X_CALENDAR_YEAR":["2008","2008","2008","2008","2008","2008","2008","2009","2009","2009","2009","2009","2009","2009","2010","2010","2010","2010","2010"],"Y_PREVALENCE_1000PP":[27.39726,28.57143,8.84956,24.09639,11.76471,20,66.66667,71.42857,8.40336,10.10101,11.17318,18.63354,71.42857,6.99301,13.98601,71.42857,19.23077,12.98701,10.86957]},"PREVALENCE_BY_MONTH":{"X_CALENDAR_MONTH":["200801","200901","201001"],"Y_PREVALENCE_1000PP":[2.0555,1.04384,3.22581]},"LENGTH_OF_ERA":{"CATEGORY":"Length of era","MIN_VALUE":0,"P10_VALUE":0,"P25_VALUE":0,"MEDIAN_VALUE":0,"P75_VALUE":0,"P90_VALUE":7,"MAX_VALUE":9},"AGE_AT_FIRST_DIAGNOSIS":{"CATEGORY":["MALE","FEMALE"],"MIN_VALUE":[55,44],"P10_VALUE":[64,49],"P25_VALUE":[67,69],"MEDIAN_VALUE":[74,78],"P75_VALUE":[78,85],"P90_VALUE":[88,89],"MAX_VALUE":[98,91]}}
