{"PREVALENCE_BY_GENDER_AGE_YEAR":{"TRELLIS_NAME":["70-79","80-89","90-99"],"SERIES_NAME":["MALE","MALE","FEMALE"],"X_CALENDAR_YEAR":["2008","2009","2010"],"Y_PREVALENCE_1000PP":[5.88235,11.11111,19.23077]},"PREVALENCE_BY_MONTH":{"X_CALENDAR_MONTH":"201001","Y_PREVALENCE_1000PP":1.07527},"LENGTH_OF_ERA":{"CATEGORY":"Length of era","MIN_VALUE":0,"P10_VALUE":0,"P25_VALUE":0,"MEDIAN_VALUE":0,"P75_VALUE":0,"P90_VALUE":0,"MAX_VALUE":0},"AGE_AT_FIRST_DIAGNOSIS":{"CATEGORY":["MALE","FEMALE"],"MIN_VALUE":[73,92],"P10_VALUE":[73,92],"P25_VALUE":[73,92],"MEDIAN_VALUE":[73,92],"P75_VALUE":[83,92],"P90_VALUE":[83,92],"MAX_VALUE":[83,92]}}
