{"PREVALENCE_BY_GENDER_AGE_YEAR":{"TRELLIS_NAME":["80-89","70-79","60-69","40-49","40-49","70-79","60-69","80-89","70-79","70-79"],"SERIES_NAME":["FEMALE","FEMALE","MALE","FEMALE","MALE","FEMALE","FEMALE","MALE","FEMALE","MALE"],"X_CALENDAR_YEAR":["2008","2008","2008","2009","2009","2009","2009","2010","2010","2010"],"Y_PREVALENCE_1000PP":[6.84932,6.36943,13.33333,71.42857,41.66667,24.84472,10.10101,11.23596,12.98701,5.43478]},"PREVALENCE_BY_MONTH":{"X_CALENDAR_MONTH":["200801","201001"],"Y_PREVALENCE_1000PP":[2.0555,1.07527]},"LENGTH_OF_ERA":{"CATEGORY":"Length of era","MIN_VALUE":0,"P10_VALUE":0,"P25_VALUE":0,"MEDIAN_VALUE":0,"P75_VALUE":0,"P90_VALUE":9,"MAX_VALUE":15},"AGE_AT_FIRST_DIAGNOSIS":{"CATEGORY":["FEMALE","MALE"],"MIN_VALUE":[43,49],"P10_VALUE":[43,49],"P25_VALUE":[70,66],"MEDIAN_VALUE":[78,67],"P75_VALUE":[79,79],"P90_VALUE":[81,87],"MAX_VALUE":[81,87]}}
