{"PREVALENCE_BY_GENDER_AGE_YEAR":{"TRELLIS_NAME":["60-69","80-89","40-49","70-79","60-69","60-69","60-69"],"SERIES_NAME":["MALE","MALE","MALE","MALE","FEMALE","MALE","FEMALE"],"X_CALENDAR_YEAR":["2008","2008","2008","2008","2009","2009","2010"],"Y_PREVALENCE_1000PP":[6.66667,12.04819,41.66667,5.88235,20.20202,8.40336,12.19512]},"PREVALENCE_BY_MONTH":{"X_CALENDAR_MONTH":"200901","Y_PREVALENCE_1000PP":1.04384},"LENGTH_OF_ERA":{"CATEGORY":"Length of era","MIN_VALUE":0,"P10_VALUE":0,"P25_VALUE":0,"MEDIAN_VALUE":0,"P75_VALUE":0,"P90_VALUE":7,"MAX_VALUE":7},"AGE_AT_FIRST_DIAGNOSIS":{"CATEGORY":["MALE","FEMALE"],"MIN_VALUE":[41,62],"P10_VALUE":[41,62],"P25_VALUE":[66,62],"MEDIAN_VALUE":[69,66],"P75_VALUE":[73,69],"P90_VALUE":[87,69],"MAX_VALUE":[87,69]}}
