{"PREVALENCE_BY_GENDER_AGE_YEAR":{"TRELLIS_NAME":["60-69","70-79","80-89","80-89","70-79","90-99","60-69","40-49","30-39","80-89","40-49","40-49","70-79","60-69","90-99","90-99","60-69","70-79","80-89","60-69","70-79","90-99","60-69","80-89","70-79"],"SERIES_NAME":["FEMALE","FEMALE","MALE","FEMALE","MALE","FEMALE","MALE","MALE","FEMALE","MALE","FEMALE","MALE","FEMALE","MALE","FEMALE","MALE","FEMALE","MALE","FEMALE","FEMALE","MALE","FEMALE","MALE","FEMALE","FEMALE"],"X_CALENDAR_YEAR":["2008","2008","2008","2008","2008","2008","2008","2008","2008","2009","2009","2009","2009","2009","2009","2009","2009","2009","2009","2010","2010","2010","2010","2010","2010"],"Y_PREVALENCE_1000PP":[26.54867,12.73885,36.14458,34.24658,29.41176,38.46154,26.66667,41.66667,125,44.44444,71.42857,41.66667,24.84472,16.80672,24.39024,71.42857,40.40404,5.58659,13.98601,24.39024,16.30435,19.23077,19.80198,6.99301,19.48052]},"PREVALENCE_BY_MONTH":{"X_CALENDAR_MONTH":["200801","200901","201001"],"Y_PREVALENCE_1000PP":[1.02775,3.13152,4.30108]},"LENGTH_OF_ERA":{"CATEGORY":"Length of era","MIN_VALUE":0,"P10_VALUE":0,"P25_VALUE":0,"MEDIAN_VALUE":0,"P75_VALUE":0,"P90_VALUE":5,"MAX_VALUE":20},"AGE_AT_FIRST_DIAGNOSIS":{"CATEGORY":["MALE","FEMALE"],"MIN_VALUE":[47,36],"P10_VALUE":[61,63],"P25_VALUE":[66,67],"MEDIAN_VALUE":[75,74],"P75_VALUE":[82,84],"P90_VALUE":[87,88],"MAX_VALUE":[90,97]}}
