{"PREVALENCE_BY_GENDER_AGE_YEAR":{"TRELLIS_NAME":["60-69","40-49","90-99","70-79","80-89","60-69","70-79","60-69"],"SERIES_NAME":["MALE","MALE","MALE","MALE","MALE","MALE","MALE","FEMALE"],"X_CALENDAR_YEAR":["2008","2008","2009","2009","2009","2009","2010","2010"],"Y_PREVALENCE_1000PP":[6.66667,41.66667,71.42857,5.58659,11.11111,8.40336,5.43478,12.19512]},"PREVALENCE_BY_MONTH":{"X_CALENDAR_MONTH":[],"Y_PREVALENCE_1000PP":[]},"LENGTH_OF_ERA":{"CATEGORY":"Length of era","MIN_VALUE":0,"P10_VALUE":0,"P25_VALUE":0,"MEDIAN_VALUE":0,"P75_VALUE":0,"P90_VALUE":4,"MAX_VALUE":4},"AGE_AT_FIRST_DIAGNOSIS":{"CATEGORY":["FEMALE","MALE"],"MIN_VALUE":[64,48],"P10_VALUE":[64,48],"P25_VALUE":[64,61],"MEDIAN_VALUE":[64,72],"P75_VALUE":[64,83],"P90_VALUE":[64,98],"MAX_VALUE":[64,98]}}
