{"PREVALENCE_BY_GENDER_AGE_YEAR":{"TRELLIS_NAME":["40-49","70-79"],"SERIES_NAME":["MALE","MALE"],"X_CALENDAR_YEAR":["2008","2009"],"Y_PREVALENCE_1000PP":[41.66667,11.17318]},"PREVALENCE_BY_MONTH":{"X_CALENDAR_MONTH":"200901","Y_PREVALENCE_1000PP":1.04384},"LENGTH_OF_ERA":{"CATEGORY":"Length of era","MIN_VALUE":0,"P10_VALUE":0,"P25_VALUE":0,"MEDIAN_VALUE":0,"P75_VALUE":2,"P90_VALUE":2,"MAX_VALUE":2},"AGE_AT_FIRST_DIAGNOSIS":{"CATEGORY":"MALE","MIN_VALUE":43,"P10_VALUE":43,"P25_VALUE":43,"MEDIAN_VALUE":75,"P75_VALUE":78,"P90_VALUE":78,"MAX_VALUE":78}}
