{"PREVALENCE_BY_GENDER_AGE_YEAR":{"TRELLIS_NAME":["90-99","60-69","80-89","70-79","50-59","40-49","80-89","60-69","70-79","30-39","40-49","80-89","50-59","90-99","60-69","70-79","80-89","60-69","50-59","70-79","90-99","50-59","60-69","80-89","30-39","70-79","80-89","70-79"],"SERIES_NAME":["FEMALE","MALE","FEMALE","FEMALE","MALE","MALE","MALE","FEMALE","MALE","MALE","MALE","FEMALE","FEMALE","FEMALE","FEMALE","FEMALE","MALE","MALE","MALE","MALE","FEMALE","MALE","FEMALE","FEMALE","FEMALE","MALE","MALE","FEMALE"],"X_CALENDAR_YEAR":["2008","2008","2008","2008","2008","2008","2008","2008","2008","2008","2009","2009","2009","2009","2009","2009","2009","2009","2009","2009","2010","2010","2010","2010","2010","2010","2010","2010"],"Y_PREVALENCE_1000PP":[38.46154,20,34.24658,6.36943,28.57143,83.33333,36.14458,26.54867,17.64706,100,41.66667,20.97902,71.42857,24.39024,40.40404,37.26708,33.33333,8.40336,57.14286,33.51955,19.23077,31.25,48.78049,20.97902,142.85714,32.6087,22.47191,19.48052]},"PREVALENCE_BY_MONTH":{"X_CALENDAR_MONTH":["200901","201001"],"Y_PREVALENCE_1000PP":[1.04384,3.22581]},"LENGTH_OF_ERA":{"CATEGORY":"Length of era","MIN_VALUE":0,"P10_VALUE":0,"P25_VALUE":0,"MEDIAN_VALUE":0,"P75_VALUE":0,"P90_VALUE":0,"MAX_VALUE":11},"AGE_AT_FIRST_DIAGNOSIS":{"CATEGORY":["MALE","FEMALE"],"MIN_VALUE":[35,30],"P10_VALUE":[45,66],"P25_VALUE":[62,68],"MEDIAN_VALUE":[73,73],"P75_VALUE":[79,84],"P90_VALUE":[82,88],"MAX_VALUE":[88,97]}}
