{"PREVALENCE_BY_GENDER_AGE_YEAR":{"TRELLIS_NAME":["50-59","60-69","60-69","70-79","80-89","40-49","70-79","80-89","90-99","40-49","90-99","70-79","50-59","60-69","70-79","80-89","80-89","60-69","80-89","70-79","90-99","90-99","80-89"],"SERIES_NAME":["FEMALE","FEMALE","MALE","FEMALE","MALE","MALE","MALE","FEMALE","MALE","FEMALE","FEMALE","FEMALE","FEMALE","FEMALE","MALE","FEMALE","MALE","MALE","MALE","MALE","MALE","FEMALE","FEMALE"],"X_CALENDAR_YEAR":["2008","2008","2008","2008","2008","2008","2008","2008","2008","2008","2009","2009","2009","2009","2009","2009","2009","2010","2010","2010","2010","2010","2010"],"Y_PREVALENCE_1000PP":[58.82353,17.69912,6.66667,19.10828,12.04819,83.33333,17.64706,13.69863,100,133.33333,24.39024,12.42236,71.42857,10.10101,16.75978,6.99301,11.11111,19.80198,11.23596,10.86957,45.45455,76.92308,48.95105]},"PREVALENCE_BY_MONTH":{"X_CALENDAR_MONTH":["200901","201001"],"Y_PREVALENCE_1000PP":[1.04384,2.15054]},"LENGTH_OF_ERA":{"CATEGORY":"Length of era","MIN_VALUE":0,"P10_VALUE":0,"P25_VALUE":0,"MEDIAN_VALUE":0,"P75_VALUE":0,"P90_VALUE":7,"MAX_VALUE":17},"AGE_AT_FIRST_DIAGNOSIS":{"CATEGORY":["FEMALE","MALE"],"MIN_VALUE":[46,42],"P10_VALUE":[51,48],"P25_VALUE":[69,67],"MEDIAN_VALUE":[80,73],"P75_VALUE":[85,81],"P90_VALUE":[90,90],"MAX_VALUE":[97,99]}}
