{"PREVALENCE_BY_GENDER_AGE_YEAR":{"TRELLIS_NAME":["80-89","60-69","50-59","80-89","80-89","90-99","70-79","70-79"],"SERIES_NAME":["MALE","FEMALE","FEMALE","FEMALE","MALE","FEMALE","MALE","FEMALE"],"X_CALENDAR_YEAR":["2008","2008","2008","2009","2009","2009","2010","2010"],"Y_PREVALENCE_1000PP":[12.04819,8.84956,58.82353,6.99301,11.11111,24.39024,5.43478,6.49351]},"PREVALENCE_BY_MONTH":{"X_CALENDAR_MONTH":[],"Y_PREVALENCE_1000PP":[]},"LENGTH_OF_ERA":{"CATEGORY":"Length of era","MIN_VALUE":0,"P10_VALUE":0,"P25_VALUE":0,"MEDIAN_VALUE":0,"P75_VALUE":0,"P90_VALUE":1,"MAX_VALUE":1},"AGE_AT_FIRST_DIAGNOSIS":{"CATEGORY":["FEMALE","MALE"],"MIN_VALUE":[55,73],"P10_VALUE":[55,73],"P25_VALUE":[68,73],"MEDIAN_VALUE":[73,73],"P75_VALUE":[80,85],"P90_VALUE":[95,85],"MAX_VALUE":[95,85]}}
