{"PREVALENCE_BY_GENDER_AGE_YEAR":{"TRELLIS_NAME":["60-69","70-79","50-59","70-79","70-79","80-89","60-69","80-89","60-69","60-69"],"SERIES_NAME":["FEMALE","MALE","MALE","FEMALE","MALE","FEMALE","MALE","MALE","MALE","FEMALE"],"X_CALENDAR_YEAR":["2008","2008","2008","2009","2009","2009","2009","2010","2010","2010"],"Y_PREVALENCE_1000PP":[8.84956,5.88235,28.57143,6.21118,5.58659,13.98601,8.40336,11.23596,9.90099,12.19512]},"PREVALENCE_BY_MONTH":{"X_CALENDAR_MONTH":"200801","Y_PREVALENCE_1000PP":1.02775},"LENGTH_OF_ERA":{"CATEGORY":"Length of era","MIN_VALUE":0,"P10_VALUE":0,"P25_VALUE":0,"MEDIAN_VALUE":0,"P75_VALUE":2,"P90_VALUE":3,"MAX_VALUE":4},"AGE_AT_FIRST_DIAGNOSIS":{"CATEGORY":["FEMALE","MALE"],"MIN_VALUE":[67,59],"P10_VALUE":[67,59],"P25_VALUE":[68,63],"MEDIAN_VALUE":[78,69],"P75_VALUE":[82,74],"P90_VALUE":[89,83],"MAX_VALUE":[89,83]}}
