{"PREVALENCE_BY_GENDER_AGE_YEAR":{"TRELLIS_NAME":["80-89","70-79","70-79"],"SERIES_NAME":["MALE","MALE","MALE"],"X_CALENDAR_YEAR":["2008","2008","2009"],"Y_PREVALENCE_1000PP":[12.04819,5.88235,5.58659]},"PREVALENCE_BY_MONTH":{"X_CALENDAR_MONTH":[],"Y_PREVALENCE_1000PP":[]},"LENGTH_OF_ERA":{"CATEGORY":"Length of era","MIN_VALUE":0,"P10_VALUE":0,"P25_VALUE":0,"MEDIAN_VALUE":8,"P75_VALUE":9,"P90_VALUE":9,"MAX_VALUE":9},"AGE_AT_FIRST_DIAGNOSIS":{"CATEGORY":"MALE","MIN_VALUE":77,"P10_VALUE":77,"P25_VALUE":77,"MEDIAN_VALUE":77,"P75_VALUE":82,"P90_VALUE":82,"MAX_VALUE":82}}
