{"PREVALENCE_BY_GENDER_AGE_YEAR":{"TRELLIS_NAME":["70-79","50-59","80-89","50-59","90-99","60-69","80-89","70-79","60-69","30-39","80-89","80-89","70-79","40-49","60-69","60-69","70-79","50-59","80-89","60-69","100-109","90-99","70-79","60-69"],"SERIES_NAME":["FEMALE","FEMALE","FEMALE","MALE","FEMALE","FEMALE","MALE","MALE","MALE","FEMALE","MALE","FEMALE","MALE","FEMALE","MALE","FEMALE","FEMALE","FEMALE","FEMALE","FEMALE","FEMALE","MALE","MALE","MALE"],"X_CALENDAR_YEAR":["2008","2008","2008","2008","2008","2008","2008","2008","2008","2008","2009","2009","2009","2009","2009","2009","2009","2009","2010","2010","2010","2010","2010","2010"],"Y_PREVALENCE_1000PP":[25.47771,58.82353,13.69863,28.57143,38.46154,26.54867,36.14458,64.70588,13.33333,125,22.22222,13.98601,16.75978,142.85714,25.21008,20.20202,12.42236,71.42857,20.97902,24.39024,1000,45.45455,21.73913,29.70297]},"PREVALENCE_BY_MONTH":{"X_CALENDAR_MONTH":["200801","200901","201001"],"Y_PREVALENCE_1000PP":[1.02775,3.13152,3.22581]},"LENGTH_OF_ERA":{"CATEGORY":"Length of era","MIN_VALUE":0,"P10_VALUE":0,"P25_VALUE":0,"MEDIAN_VALUE":0,"P75_VALUE":0,"P90_VALUE":0,"MAX_VALUE":14},"AGE_AT_FIRST_DIAGNOSIS":{"CATEGORY":["MALE","FEMALE"],"MIN_VALUE":[50,34],"P10_VALUE":[65,49],"P25_VALUE":[68,65],"MEDIAN_VALUE":[73,73],"P75_VALUE":[77,81],"P90_VALUE":[82,88],"MAX_VALUE":[90,100]}}
