{"PREVALENCE_BY_GENDER_AGE_YEAR":{"TRELLIS_NAME":["80-89","90-99","90-99","80-89","60-69","80-89"],"SERIES_NAME":["FEMALE","FEMALE","MALE","FEMALE","MALE","MALE"],"X_CALENDAR_YEAR":["2008","2009","2009","2009","2009","2010"],"Y_PREVALENCE_1000PP":[6.84932,73.17073,71.42857,6.99301,8.40336,11.23596]},"PREVALENCE_BY_MONTH":{"X_CALENDAR_MONTH":"200901","Y_PREVALENCE_1000PP":1.04384},"LENGTH_OF_ERA":{"CATEGORY":"Length of era","MIN_VALUE":0,"P10_VALUE":0,"P25_VALUE":0,"MEDIAN_VALUE":0,"P75_VALUE":0,"P90_VALUE":5,"MAX_VALUE":5},"AGE_AT_FIRST_DIAGNOSIS":{"CATEGORY":["MALE","FEMALE"],"MIN_VALUE":[68,84],"P10_VALUE":[68,84],"P25_VALUE":[68,87],"MEDIAN_VALUE":[83,93],"P75_VALUE":[98,96],"P90_VALUE":[98,96],"MAX_VALUE":[98,96]}}
