{"PREVALENCE_BY_GENDER_AGE_YEAR":{"TRELLIS_NAME":["70-79","70-79","40-49","80-89","80-89","90-99","60-69","70-79","50-59","80-89","60-69","50-59","70-79","80-89","90-99","70-79","70-79","60-69","80-89","30-39"],"SERIES_NAME":["FEMALE","MALE","MALE","FEMALE","MALE","MALE","FEMALE","FEMALE","MALE","MALE","MALE","FEMALE","MALE","FEMALE","FEMALE","MALE","FEMALE","MALE","MALE","FEMALE"],"X_CALENDAR_YEAR":["2008","2008","2008","2008","2008","2008","2008","2009","2009","2009","2009","2009","2009","2009","2010","2010","2010","2010","2010","2010"],"Y_PREVALENCE_1000PP":[25.47771,11.76471,41.66667,20.54795,12.04819,100,17.69912,18.63354,28.57143,11.11111,33.61345,71.42857,11.17318,6.99301,19.23077,21.73913,12.98701,19.80198,11.23596,142.85714]},"PREVALENCE_BY_MONTH":{"X_CALENDAR_MONTH":["200801","201001"],"Y_PREVALENCE_1000PP":[1.02775,2.15054]},"LENGTH_OF_ERA":{"CATEGORY":"Length of era","MIN_VALUE":0,"P10_VALUE":0,"P25_VALUE":0,"MEDIAN_VALUE":0,"P75_VALUE":0,"P90_VALUE":2,"MAX_VALUE":13},"AGE_AT_FIRST_DIAGNOSIS":{"CATEGORY":["MALE","FEMALE"],"MIN_VALUE":[43,35],"P10_VALUE":[51,56],"P25_VALUE":[64,71],"MEDIAN_VALUE":[72,75],"P75_VALUE":[77,80],"P90_VALUE":[81,89],"MAX_VALUE":[97,91]}}
