{"PREVALENCE_BY_GENDER_AGE_YEAR":{"TRELLIS_NAME":["70-79","70-79","60-69","80-89","80-89","60-69","70-79","50-59","70-79","50-59","80-89","80-89","70-79"],"SERIES_NAME":["MALE","FEMALE","MALE","FEMALE","MALE","FEMALE","MALE","MALE","FEMALE","FEMALE","FEMALE","MALE","MALE"],"X_CALENDAR_YEAR":["2008","2008","2008","2008","2008","2009","2009","2010","2010","2010","2010","2010","2010"],"Y_PREVALENCE_1000PP":[11.76471,6.36943,6.66667,6.84932,12.04819,30.30303,5.58659,31.25,12.98701,71.42857,13.98601,11.23596,10.86957]},"PREVALENCE_BY_MONTH":{"X_CALENDAR_MONTH":["200901","201001"],"Y_PREVALENCE_1000PP":[1.04384,1.07527]},"LENGTH_OF_ERA":{"CATEGORY":"Length of era","MIN_VALUE":0,"P10_VALUE":0,"P25_VALUE":0,"MEDIAN_VALUE":0,"P75_VALUE":0,"P90_VALUE":0,"MAX_VALUE":0},"AGE_AT_FIRST_DIAGNOSIS":{"CATEGORY":["MALE","FEMALE"],"MIN_VALUE":[59,59],"P10_VALUE":[59,59],"P25_VALUE":[70,68],"MEDIAN_VALUE":[76,73],"P75_VALUE":[78,80],"P90_VALUE":[83,83],"MAX_VALUE":[83,84]}}
