{"PREVALENCE_BY_GENDER_AGE_YEAR":{"TRELLIS_NAME":["80-89","90-99","70-79","40-49","70-79","90-99","30-39","60-69","80-89","50-59","60-69","70-79","60-69","80-89","60-69","70-79","70-79"],"SERIES_NAME":["FEMALE","FEMALE","MALE","MALE","FEMALE","MALE","FEMALE","FEMALE","MALE","MALE","MALE","MALE","FEMALE","FEMALE","FEMALE","MALE","FEMALE"],"X_CALENDAR_YEAR":["2008","2008","2008","2008","2008","2008","2008","2008","2009","2009","2009","2009","2009","2010","2010","2010","2010"],"Y_PREVALENCE_1000PP":[6.84932,38.46154,5.88235,41.66667,6.36943,100,125,26.54867,11.11111,28.57143,16.80672,5.58659,20.20202,6.99301,12.19512,10.86957,19.48052]},"PREVALENCE_BY_MONTH":{"X_CALENDAR_MONTH":"200901","Y_PREVALENCE_1000PP":1.04384},"LENGTH_OF_ERA":{"CATEGORY":"Length of era","MIN_VALUE":0,"P10_VALUE":0,"P25_VALUE":0,"MEDIAN_VALUE":0,"P75_VALUE":2,"P90_VALUE":8,"MAX_VALUE":21},"AGE_AT_FIRST_DIAGNOSIS":{"CATEGORY":["FEMALE","MALE"],"MIN_VALUE":[36,48],"P10_VALUE":[60,48],"P25_VALUE":[67,66],"MEDIAN_VALUE":[69,72],"P75_VALUE":[79,76],"P90_VALUE":[88,83],"MAX_VALUE":[95,94]}}
