{"PREVALENCE_BY_GENDER_AGE_YEAR":{"TRELLIS_NAME":["70-79","40-49"],"SERIES_NAME":["FEMALE","MALE"],"X_CALENDAR_YEAR":["2008","2008"],"Y_PREVALENCE_1000PP":[6.36943,41.66667]},"PREVALENCE_BY_MONTH":{"X_CALENDAR_MONTH":"200801","Y_PREVALENCE_1000PP":1.02775},"LENGTH_OF_ERA":{"CATEGORY":"Length of era","MIN_VALUE":0,"P10_VALUE":0,"P25_VALUE":0,"MEDIAN_VALUE":0,"P75_VALUE":0,"P90_VALUE":0,"MAX_VALUE":0},"AGE_AT_FIRST_DIAGNOSIS":{"CATEGORY":["FEMALE","MALE"],"MIN_VALUE":[72,48],"P10_VALUE":[72,48],"P25_VALUE":[72,48],"MEDIAN_VALUE":[72,48],"P75_VALUE":[72,48],"P90_VALUE":[72,48],"MAX_VALUE":[72,48]}}
