{"PREVALENCE_BY_GENDER_AGE_YEAR":{"TRELLIS_NAME":["70-79","80-89","70-79","30-39"],"SERIES_NAME":["FEMALE","FEMALE","MALE","MALE"],"X_CALENDAR_YEAR":["2009","2009","2010","2010"],"Y_PREVALENCE_1000PP":[6.21118,6.99301,5.43478,142.85714]},"PREVALENCE_BY_MONTH":{"X_CALENDAR_MONTH":[],"Y_PREVALENCE_1000PP":[]},"LENGTH_OF_ERA":{"CATEGORY":"Length of era","MIN_VALUE":0,"P10_VALUE":0,"P25_VALUE":0,"MEDIAN_VALUE":0,"P75_VALUE":0,"P90_VALUE":0,"MAX_VALUE":0},"AGE_AT_FIRST_DIAGNOSIS":{"CATEGORY":["MALE","FEMALE"],"MIN_VALUE":[37,74],"P10_VALUE":[37,74],"P25_VALUE":[37,74],"MEDIAN_VALUE":[37,74],"P75_VALUE":[79,87],"P90_VALUE":[79,87],"MAX_VALUE":[79,87]}}
