{"PREVALENCE_BY_GENDER_AGE_YEAR":{"TRELLIS_NAME":["60-69","80-89","80-89","70-79","30-39","90-99","70-79","60-69","40-49","80-89","70-79","60-69","50-59","70-79","60-69","50-59","80-89","40-49","30-39","70-79","60-69","80-89","40-49","60-69","80-89"],"SERIES_NAME":["FEMALE","FEMALE","MALE","FEMALE","MALE","MALE","MALE","MALE","FEMALE","MALE","FEMALE","MALE","FEMALE","MALE","FEMALE","MALE","FEMALE","FEMALE","MALE","FEMALE","FEMALE","FEMALE","FEMALE","MALE","MALE"],"X_CALENDAR_YEAR":["2008","2008","2008","2008","2008","2008","2008","2008","2008","2009","2009","2009","2009","2009","2009","2009","2009","2009","2010","2010","2010","2010","2010","2010","2010"],"Y_PREVALENCE_1000PP":[26.54867,27.39726,12.04819,38.21656,100,100,5.88235,6.66667,66.66667,22.22222,24.84472,25.21008,71.42857,22.34637,20.20202,114.28571,20.97902,142.85714,142.85714,51.94805,36.58537,6.99301,71.42857,9.90099,67.41573]},"PREVALENCE_BY_MONTH":{"X_CALENDAR_MONTH":["200901","201001"],"Y_PREVALENCE_1000PP":[2.08768,1.07527]},"LENGTH_OF_ERA":{"CATEGORY":"Length of era","MIN_VALUE":0,"P10_VALUE":0,"P25_VALUE":0,"MEDIAN_VALUE":0,"P75_VALUE":0,"P90_VALUE":2,"MAX_VALUE":20},"AGE_AT_FIRST_DIAGNOSIS":{"CATEGORY":["FEMALE","MALE"],"MIN_VALUE":[42,32],"P10_VALUE":[49,51],"P25_VALUE":[68,62],"MEDIAN_VALUE":[72,71],"P75_VALUE":[77,81],"P90_VALUE":[83,88],"MAX_VALUE":[89,95]}}
