{"PREVALENCE_BY_GENDER_AGE_YEAR":{"TRELLIS_NAME":["80-89","70-79","70-79","60-69","80-89","60-69","60-69","80-89","70-79","70-79","80-89","70-79","70-79","60-69","40-49","90-99","80-89"],"SERIES_NAME":["FEMALE","MALE","FEMALE","MALE","MALE","FEMALE","FEMALE","FEMALE","FEMALE","MALE","MALE","FEMALE","MALE","FEMALE","MALE","FEMALE","FEMALE"],"X_CALENDAR_YEAR":["2008","2008","2008","2008","2008","2008","2009","2009","2009","2009","2009","2010","2010","2010","2010","2010","2010"],"Y_PREVALENCE_1000PP":[54.79452,11.76471,44.58599,20,24.09639,8.84956,10.10101,27.97203,6.21118,16.75978,11.11111,12.98701,10.86957,12.19512,50,38.46154,13.98601]},"PREVALENCE_BY_MONTH":{"X_CALENDAR_MONTH":["200801","200901","201001"],"Y_PREVALENCE_1000PP":[1.02775,1.04384,5.37634]},"LENGTH_OF_ERA":{"CATEGORY":"Length of era","MIN_VALUE":0,"P10_VALUE":0,"P25_VALUE":0,"MEDIAN_VALUE":0,"P75_VALUE":0,"P90_VALUE":0,"MAX_VALUE":1},"AGE_AT_FIRST_DIAGNOSIS":{"CATEGORY":["FEMALE","MALE"],"MIN_VALUE":[61,42],"P10_VALUE":[68,65],"P25_VALUE":[75,69],"MEDIAN_VALUE":[80,73],"P75_VALUE":[85,77],"P90_VALUE":[88,82],"MAX_VALUE":[99,88]}}
