{"PREVALENCE_BY_GENDER_AGE_YEAR":{"TRELLIS_NAME":["70-79","70-79","70-79"],"SERIES_NAME":["MALE","MALE","MALE"],"X_CALENDAR_YEAR":["2008","2009","2010"],"Y_PREVALENCE_1000PP":[5.88235,5.58659,5.43478]},"PREVALENCE_BY_MONTH":{"X_CALENDAR_MONTH":[],"Y_PREVALENCE_1000PP":[]},"LENGTH_OF_ERA":{"CATEGORY":"Length of era","MIN_VALUE":0,"P10_VALUE":0,"P25_VALUE":0,"MEDIAN_VALUE":4,"P75_VALUE":14,"P90_VALUE":14,"MAX_VALUE":14},"AGE_AT_FIRST_DIAGNOSIS":{"CATEGORY":"MALE","MIN_VALUE":74,"P10_VALUE":74,"P25_VALUE":74,"MEDIAN_VALUE":76,"P75_VALUE":78,"P90_VALUE":78,"MAX_VALUE":78}}
