{"PREVALENCE_BY_GENDER_AGE_YEAR":{"TRELLIS_NAME":["60-69","80-89","70-79","90-99","40-49","80-89","60-69","40-49","70-79","60-69","80-89","70-79","80-89","60-69","70-79","50-59","40-49","30-39","80-89","70-79","70-79","90-99","80-89"],"SERIES_NAME":["MALE","FEMALE","FEMALE","FEMALE","MALE","MALE","FEMALE","FEMALE","MALE","MALE","FEMALE","FEMALE","MALE","FEMALE","MALE","MALE","MALE","MALE","MALE","MALE","FEMALE","FEMALE","FEMALE"],"X_CALENDAR_YEAR":["2008","2008","2008","2008","2008","2008","2008","2008","2008","2009","2009","2009","2009","2009","2009","2009","2010","2010","2010","2010","2010","2010","2010"],"Y_PREVALENCE_1000PP":[6.66667,20.54795,19.10828,38.46154,83.33333,12.04819,8.84956,66.66667,11.76471,8.40336,27.97203,6.21118,11.11111,10.10101,33.51955,28.57143,50,142.85714,11.23596,16.30435,12.98701,19.23077,13.98601]},"PREVALENCE_BY_MONTH":{"X_CALENDAR_MONTH":["200801","200901"],"Y_PREVALENCE_1000PP":[2.0555,1.04384]},"LENGTH_OF_ERA":{"CATEGORY":"Length of era","MIN_VALUE":0,"P10_VALUE":0,"P25_VALUE":0,"MEDIAN_VALUE":0,"P75_VALUE":0,"P90_VALUE":1,"MAX_VALUE":20},"AGE_AT_FIRST_DIAGNOSIS":{"CATEGORY":["MALE","FEMALE"],"MIN_VALUE":[38,46],"P10_VALUE":[41,63],"P25_VALUE":[53,76],"MEDIAN_VALUE":[71,81],"P75_VALUE":[75,84],"P90_VALUE":[82,88],"MAX_VALUE":[89,91]}}
