{"PREVALENCE_BY_GENDER_AGE_YEAR":{"TRELLIS_NAME":["80-89","70-79","80-89","60-69"],"SERIES_NAME":["FEMALE","FEMALE","MALE","MALE"],"X_CALENDAR_YEAR":["2008","2008","2009","2009"],"Y_PREVALENCE_1000PP":[6.84932,6.36943,11.11111,8.40336]},"PREVALENCE_BY_MONTH":{"X_CALENDAR_MONTH":[],"Y_PREVALENCE_1000PP":[]},"LENGTH_OF_ERA":{"CATEGORY":"Length of era","MIN_VALUE":0,"P10_VALUE":0,"P25_VALUE":0,"MEDIAN_VALUE":0,"P75_VALUE":0,"P90_VALUE":0,"MAX_VALUE":0},"AGE_AT_FIRST_DIAGNOSIS":{"CATEGORY":["FEMALE","MALE"],"MIN_VALUE":[77,68],"P10_VALUE":[77,68],"P25_VALUE":[77,68],"MEDIAN_VALUE":[77,68],"P75_VALUE":[84,83],"P90_VALUE":[84,83],"MAX_VALUE":[84,83]}}
