{"PREVALENCE_BY_GENDER_AGE_YEAR":{"TRELLIS_NAME":["70-79","80-89","60-69","70-79","80-89","60-69","70-79","30-39"],"SERIES_NAME":["MALE","FEMALE","MALE","FEMALE","MALE","FEMALE","MALE","MALE"],"X_CALENDAR_YEAR":["2008","2009","2009","2009","2009","2009","2010","2010"],"Y_PREVALENCE_1000PP":[5.88235,13.98601,16.80672,6.21118,11.11111,10.10101,5.43478,142.85714]},"PREVALENCE_BY_MONTH":{"X_CALENDAR_MONTH":"200901","Y_PREVALENCE_1000PP":2.08768},"LENGTH_OF_ERA":{"CATEGORY":"Length of era","MIN_VALUE":0,"P10_VALUE":0,"P25_VALUE":0,"MEDIAN_VALUE":0,"P75_VALUE":0,"P90_VALUE":0,"MAX_VALUE":6},"AGE_AT_FIRST_DIAGNOSIS":{"CATEGORY":["FEMALE","MALE"],"MIN_VALUE":[66,37],"P10_VALUE":[66,37],"P25_VALUE":[66,62],"MEDIAN_VALUE":[74,67],"P75_VALUE":[81,76],"P90_VALUE":[86,80],"MAX_VALUE":[86,80]}}
