{"PREVALENCE_BY_GENDER_AGE_YEAR":{"TRELLIS_NAME":["60-69","90-99","80-89","80-89","70-79","70-79","90-99","60-69","90-99","60-69","70-79","50-59","80-89","90-99","70-79","60-69","80-89","90-99","70-79"],"SERIES_NAME":["FEMALE","FEMALE","MALE","FEMALE","MALE","FEMALE","MALE","MALE","FEMALE","MALE","FEMALE","MALE","FEMALE","MALE","MALE","MALE","FEMALE","FEMALE","FEMALE"],"X_CALENDAR_YEAR":["2008","2008","2008","2008","2008","2008","2008","2008","2009","2009","2009","2009","2009","2009","2009","2010","2010","2010","2010"],"Y_PREVALENCE_1000PP":[17.69912,38.46154,24.09639,13.69863,5.88235,12.73885,100,6.66667,73.17073,25.21008,18.63354,57.14286,20.97902,71.42857,16.75978,9.90099,13.98601,19.23077,19.48052]},"PREVALENCE_BY_MONTH":{"X_CALENDAR_MONTH":["200901","201001"],"Y_PREVALENCE_1000PP":[1.04384,3.22581]},"LENGTH_OF_ERA":{"CATEGORY":"Length of era","MIN_VALUE":0,"P10_VALUE":0,"P25_VALUE":0,"MEDIAN_VALUE":0,"P75_VALUE":0,"P90_VALUE":3,"MAX_VALUE":23},"AGE_AT_FIRST_DIAGNOSIS":{"CATEGORY":["FEMALE","MALE"],"MIN_VALUE":[67,56],"P10_VALUE":[68,58],"P25_VALUE":[74,62],"MEDIAN_VALUE":[79,73],"P75_VALUE":[84,79],"P90_VALUE":[90,88],"MAX_VALUE":[96,97]}}
