{"PREVALENCE_BY_GENDER_AGE_YEAR":{"TRELLIS_NAME":["70-79","70-79","60-69","80-89","70-79"],"SERIES_NAME":["FEMALE","MALE","MALE","MALE","MALE"],"X_CALENDAR_YEAR":["2008","2008","2010","2010","2010"],"Y_PREVALENCE_1000PP":[6.36943,5.88235,9.90099,22.47191,5.43478]},"PREVALENCE_BY_MONTH":{"X_CALENDAR_MONTH":"201001","Y_PREVALENCE_1000PP":2.15054},"LENGTH_OF_ERA":{"CATEGORY":"Length of era","MIN_VALUE":0,"P10_VALUE":0,"P25_VALUE":0,"MEDIAN_VALUE":0,"P75_VALUE":0,"P90_VALUE":0,"MAX_VALUE":0},"AGE_AT_FIRST_DIAGNOSIS":{"CATEGORY":["MALE","FEMALE"],"MIN_VALUE":[62,74],"P10_VALUE":[62,74],"P25_VALUE":[74,74],"MEDIAN_VALUE":[77,74],"P75_VALUE":[80,74],"P90_VALUE":[82,74],"MAX_VALUE":[82,74]}}
