{"PREVALENCE_BY_GENDER_AGE_YEAR":{"TRELLIS_NAME":["20-29","70-79","80-89","80-89","70-79","90-99","60-69","80-89","70-79","60-69","50-59","70-79","60-69","90-99","40-49","80-89","80-89","70-79","50-59"],"SERIES_NAME":["MALE","FEMALE","MALE","FEMALE","MALE","MALE","MALE","MALE","FEMALE","MALE","MALE","MALE","MALE","FEMALE","FEMALE","FEMALE","MALE","FEMALE","MALE"],"X_CALENDAR_YEAR":["2008","2008","2008","2008","2008","2008","2008","2009","2009","2009","2009","2009","2010","2010","2010","2010","2010","2010","2010"],"Y_PREVALENCE_1000PP":[166.66667,19.10828,12.04819,13.69863,17.64706,100,6.66667,11.11111,18.63354,25.21008,28.57143,16.75978,9.90099,19.23077,71.42857,6.99301,11.23596,12.98701,31.25]},"PREVALENCE_BY_MONTH":{"X_CALENDAR_MONTH":["200801","201001"],"Y_PREVALENCE_1000PP":[2.0555,1.07527]},"LENGTH_OF_ERA":{"CATEGORY":"Length of era","MIN_VALUE":0,"P10_VALUE":0,"P25_VALUE":0,"MEDIAN_VALUE":0,"P75_VALUE":0,"P90_VALUE":0,"MAX_VALUE":5},"AGE_AT_FIRST_DIAGNOSIS":{"CATEGORY":["FEMALE","MALE"],"MIN_VALUE":[40,27],"P10_VALUE":[70,50],"P25_VALUE":[73,66],"MEDIAN_VALUE":[74,70],"P75_VALUE":[84,79],"P90_VALUE":[89,88],"MAX_VALUE":[90,95]}}
