{"PREVALENCE_BY_GENDER_AGE_YEAR":{"TRELLIS_NAME":["80-89","60-69","80-89"],"SERIES_NAME":["FEMALE","FEMALE","MALE"],"X_CALENDAR_YEAR":["2009","2010","2010"],"Y_PREVALENCE_1000PP":[6.99301,12.19512,11.23596]},"PREVALENCE_BY_MONTH":{"X_CALENDAR_MONTH":"201001","Y_PREVALENCE_1000PP":1.07527},"LENGTH_OF_ERA":{"CATEGORY":"Length of era","MIN_VALUE":0,"P10_VALUE":0,"P25_VALUE":0,"MEDIAN_VALUE":0,"P75_VALUE":0,"P90_VALUE":0,"MAX_VALUE":0},"AGE_AT_FIRST_DIAGNOSIS":{"CATEGORY":["MALE","FEMALE"],"MIN_VALUE":[84,62],"P10_VALUE":[84,62],"P25_VALUE":[84,62],"MEDIAN_VALUE":[84,62],"P75_VALUE":[84,83],"P90_VALUE":[84,83],"MAX_VALUE":[84,83]}}
