{"PREVALENCE_BY_GENDER_AGE_YEAR":{"TRELLIS_NAME":["80-89","50-59","60-69","80-89","70-79","70-79","60-69","90-99","70-79","60-69","50-59","80-89","80-89","60-69","70-79","70-79","90-99"],"SERIES_NAME":["FEMALE","MALE","FEMALE","MALE","MALE","FEMALE","MALE","FEMALE","MALE","FEMALE","MALE","FEMALE","FEMALE","FEMALE","FEMALE","MALE","FEMALE"],"X_CALENDAR_YEAR":["2008","2008","2008","2008","2008","2009","2009","2009","2009","2009","2009","2009","2010","2010","2010","2010","2010"],"Y_PREVALENCE_1000PP":[6.84932,28.57143,17.69912,12.04819,29.41176,24.84472,25.21008,24.39024,22.34637,30.30303,28.57143,6.99301,6.99301,24.39024,6.49351,21.73913,19.23077]},"PREVALENCE_BY_MONTH":{"X_CALENDAR_MONTH":"200901","Y_PREVALENCE_1000PP":3.13152},"LENGTH_OF_ERA":{"CATEGORY":"Length of era","MIN_VALUE":0,"P10_VALUE":0,"P25_VALUE":0,"MEDIAN_VALUE":0,"P75_VALUE":0,"P90_VALUE":4,"MAX_VALUE":20},"AGE_AT_FIRST_DIAGNOSIS":{"CATEGORY":["MALE","FEMALE"],"MIN_VALUE":[52,60],"P10_VALUE":[53,61],"P25_VALUE":[67,67],"MEDIAN_VALUE":[71,71],"P75_VALUE":[77,81],"P90_VALUE":[79,95],"MAX_VALUE":[85,98]}}
