{"PREVALENCE_BY_GENDER_AGE_YEAR":{"TRELLIS_NAME":["80-89","80-89","90-99","90-99","70-79","70-79","40-49","60-69","40-49","80-89","60-69","70-79","40-49","60-69","70-79","90-99","40-49","80-89","50-59","60-69","90-99","70-79","80-89","40-49","40-49","80-89","60-69","50-59","70-79"],"SERIES_NAME":["FEMALE","MALE","FEMALE","MALE","FEMALE","MALE","FEMALE","MALE","MALE","FEMALE","MALE","FEMALE","FEMALE","FEMALE","MALE","FEMALE","MALE","MALE","FEMALE","MALE","FEMALE","MALE","FEMALE","FEMALE","MALE","MALE","FEMALE","MALE","FEMALE"],"X_CALENDAR_YEAR":["2008","2008","2008","2008","2008","2008","2008","2008","2008","2009","2009","2009","2009","2009","2009","2009","2009","2009","2009","2010","2010","2010","2010","2010","2010","2010","2010","2010","2010"],"Y_PREVALENCE_1000PP":[34.24658,48.19277,38.46154,100,38.21656,17.64706,133.33333,6.66667,41.66667,27.97203,16.80672,49.68944,285.71429,40.40404,33.51955,73.17073,125,55.55556,71.42857,29.70297,76.92308,21.73913,20.97902,214.28571,100,89.88764,24.39024,62.5,6.49351]},"PREVALENCE_BY_MONTH":{"X_CALENDAR_MONTH":["200801","200901","201001"],"Y_PREVALENCE_1000PP":[1.02775,7.30689,5.37634]},"LENGTH_OF_ERA":{"CATEGORY":"Length of era","MIN_VALUE":0,"P10_VALUE":0,"P25_VALUE":0,"MEDIAN_VALUE":0,"P75_VALUE":13,"P90_VALUE":34,"MAX_VALUE":148},"AGE_AT_FIRST_DIAGNOSIS":{"CATEGORY":["FEMALE","MALE"],"MIN_VALUE":[40,41],"P10_VALUE":[46,52],"P25_VALUE":[67,67],"MEDIAN_VALUE":[77,74],"P75_VALUE":[85,83],"P90_VALUE":[94,87],"MAX_VALUE":[95,99]}}
