{"PREVALENCE_BY_GENDER_AGE_YEAR":{"TRELLIS_NAME":["80-89","70-79","60-69","60-69","30-39","50-59","40-49","70-79","80-89","40-49","80-89","30-39","100-109","50-59","90-99","60-69","70-79","70-79","60-69","40-49","60-69","90-99","90-99","70-79","70-79"],"SERIES_NAME":["FEMALE","FEMALE","FEMALE","MALE","MALE","FEMALE","MALE","MALE","FEMALE","MALE","MALE","MALE","MALE","MALE","FEMALE","MALE","MALE","FEMALE","FEMALE","FEMALE","MALE","MALE","FEMALE","MALE","FEMALE"],"X_CALENDAR_YEAR":["2008","2008","2008","2008","2008","2008","2008","2008","2009","2009","2009","2009","2009","2009","2009","2009","2009","2009","2009","2010","2010","2010","2010","2010","2010"],"Y_PREVALENCE_1000PP":[13.69863,6.36943,8.84956,6.66667,100,117.64706,41.66667,11.76471,6.99301,41.66667,11.11111,166.66667,500,85.71429,24.39024,16.80672,5.58659,12.42236,10.10101,71.42857,9.90099,45.45455,19.23077,5.43478,12.98701]},"PREVALENCE_BY_MONTH":{"X_CALENDAR_MONTH":["200801","200901","201001"],"Y_PREVALENCE_1000PP":[1.02775,2.08768,2.15054]},"LENGTH_OF_ERA":{"CATEGORY":"Length of era","MIN_VALUE":0,"P10_VALUE":0,"P25_VALUE":0,"MEDIAN_VALUE":0,"P75_VALUE":0,"P90_VALUE":0,"MAX_VALUE":1},"AGE_AT_FIRST_DIAGNOSIS":{"CATEGORY":["FEMALE","MALE"],"MIN_VALUE":[43,34],"P10_VALUE":[59,39],"P25_VALUE":[67,53],"MEDIAN_VALUE":[70,67],"P75_VALUE":[83,73],"P90_VALUE":[91,90],"MAX_VALUE":[95,100]}}
