{"PREVALENCE_BY_GENDER_AGE_YEAR":{"TRELLIS_NAME":["60-69","80-89","70-79","80-89"],"SERIES_NAME":["MALE","FEMALE","FEMALE","FEMALE"],"X_CALENDAR_YEAR":["2008","2009","2010","2010"],"Y_PREVALENCE_1000PP":[6.66667,6.99301,6.49351,6.99301]},"PREVALENCE_BY_MONTH":{"X_CALENDAR_MONTH":[],"Y_PREVALENCE_1000PP":[]},"LENGTH_OF_ERA":{"CATEGORY":"Length of era","MIN_VALUE":0,"P10_VALUE":0,"P25_VALUE":0,"MEDIAN_VALUE":0,"P75_VALUE":0,"P90_VALUE":0,"MAX_VALUE":0},"AGE_AT_FIRST_DIAGNOSIS":{"CATEGORY":["MALE","FEMALE"],"MIN_VALUE":[69,72],"P10_VALUE":[69,72],"P25_VALUE":[69,72],"MEDIAN_VALUE":[69,84],"P75_VALUE":[69,85],"P90_VALUE":[69,85],"MAX_VALUE":[69,85]}}
