{"PREVALENCE_BY_GENDER_AGE_YEAR":{"TRELLIS_NAME":["70-79","80-89","60-69","90-99","60-69","70-79","80-89","70-79","90-99","80-89","30-39","60-69","50-59","60-69","70-79","50-59"],"SERIES_NAME":["MALE","FEMALE","MALE","FEMALE","FEMALE","FEMALE","MALE","FEMALE","FEMALE","MALE","FEMALE","FEMALE","MALE","MALE","FEMALE","MALE"],"X_CALENDAR_YEAR":["2008","2008","2008","2008","2008","2008","2008","2009","2009","2009","2009","2009","2009","2010","2010","2010"],"Y_PREVALENCE_1000PP":[11.76471,13.69863,6.66667,38.46154,8.84956,25.47771,12.04819,12.42236,24.39024,11.11111,125,10.10101,28.57143,19.80198,6.49351,62.5]},"PREVALENCE_BY_MONTH":{"X_CALENDAR_MONTH":["200801","201001"],"Y_PREVALENCE_1000PP":[1.02775,1.07527]},"LENGTH_OF_ERA":{"CATEGORY":"Length of era","MIN_VALUE":0,"P10_VALUE":0,"P25_VALUE":0,"MEDIAN_VALUE":0,"P75_VALUE":0,"P90_VALUE":0,"MAX_VALUE":1},"AGE_AT_FIRST_DIAGNOSIS":{"CATEGORY":["FEMALE","MALE"],"MIN_VALUE":[35,50],"P10_VALUE":[66,50],"P25_VALUE":[70,59],"MEDIAN_VALUE":[73,65],"P75_VALUE":[88,78],"P90_VALUE":[90,85],"MAX_VALUE":[98,88]}}
