{"PREVALENCE_BY_GENDER_AGE_YEAR":{"TRELLIS_NAME":["60-69","70-79","80-89","80-89","70-79","60-69","70-79","70-79","90-99","60-69","80-89","70-79","40-49","80-89","80-89","60-69","70-79"],"SERIES_NAME":["FEMALE","FEMALE","MALE","FEMALE","MALE","MALE","FEMALE","MALE","FEMALE","FEMALE","FEMALE","FEMALE","FEMALE","FEMALE","MALE","MALE","MALE"],"X_CALENDAR_YEAR":["2008","2008","2008","2008","2008","2008","2009","2009","2009","2009","2009","2010","2010","2010","2010","2010","2010"],"Y_PREVALENCE_1000PP":[35.39823,19.10828,12.04819,20.54795,5.88235,26.66667,12.42236,27.93296,24.39024,10.10101,6.99301,12.98701,71.42857,6.99301,33.70787,9.90099,10.86957]},"PREVALENCE_BY_MONTH":{"X_CALENDAR_MONTH":["200801","200901","201001"],"Y_PREVALENCE_1000PP":[1.02775,1.04384,3.22581]},"LENGTH_OF_ERA":{"CATEGORY":"Length of era","MIN_VALUE":0,"P10_VALUE":0,"P25_VALUE":0,"MEDIAN_VALUE":0,"P75_VALUE":0,"P90_VALUE":0,"MAX_VALUE":2},"AGE_AT_FIRST_DIAGNOSIS":{"CATEGORY":["MALE","FEMALE"],"MIN_VALUE":[63,49],"P10_VALUE":[65,64],"P25_VALUE":[69,67],"MEDIAN_VALUE":[74,77],"P75_VALUE":[78,81],"P90_VALUE":[84,89],"MAX_VALUE":[84,96]}}
