{"PREVALENCE_BY_GENDER_AGE_YEAR":{"TRELLIS_NAME":["70-79","60-69","60-69","60-69","80-89","50-59","70-79","70-79"],"SERIES_NAME":["MALE","MALE","FEMALE","MALE","MALE","MALE","MALE","FEMALE"],"X_CALENDAR_YEAR":["2008","2008","2008","2009","2009","2010","2010","2010"],"Y_PREVALENCE_1000PP":[5.88235,6.66667,8.84956,8.40336,11.11111,31.25,5.43478,6.49351]},"PREVALENCE_BY_MONTH":{"X_CALENDAR_MONTH":"200901","Y_PREVALENCE_1000PP":1.04384},"LENGTH_OF_ERA":{"CATEGORY":"Length of era","MIN_VALUE":0,"P10_VALUE":0,"P25_VALUE":0,"MEDIAN_VALUE":0,"P75_VALUE":1,"P90_VALUE":6,"MAX_VALUE":6},"AGE_AT_FIRST_DIAGNOSIS":{"CATEGORY":["FEMALE","MALE"],"MIN_VALUE":[67,50],"P10_VALUE":[67,50],"P25_VALUE":[67,62],"MEDIAN_VALUE":[67,69],"P75_VALUE":[79,78],"P90_VALUE":[79,89],"MAX_VALUE":[79,89]}}
