{"PREVALENCE_BY_GENDER_AGE_YEAR":{"TRELLIS_NAME":["80-89","70-79"],"SERIES_NAME":["FEMALE","MALE"],"X_CALENDAR_YEAR":["2009","2010"],"Y_PREVALENCE_1000PP":[6.99301,5.43478]},"PREVALENCE_BY_MONTH":{"X_CALENDAR_MONTH":[],"Y_PREVALENCE_1000PP":[]},"LENGTH_OF_ERA":{"CATEGORY":"Length of era","MIN_VALUE":0,"P10_VALUE":0,"P25_VALUE":0,"MEDIAN_VALUE":0,"P75_VALUE":0,"P90_VALUE":0,"MAX_VALUE":0},"AGE_AT_FIRST_DIAGNOSIS":{"CATEGORY":["FEMALE","MALE"],"MIN_VALUE":[84,72],"P10_VALUE":[84,72],"P25_VALUE":[84,72],"MEDIAN_VALUE":[84,72],"P75_VALUE":[84,72],"P90_VALUE":[84,72],"MAX_VALUE":[84,72]}}
