{"PREVALENCE_BY_GENDER_AGE_YEAR":{"TRELLIS_NAME":["80-89","70-79","50-59","80-89"],"SERIES_NAME":["FEMALE","MALE","MALE","FEMALE"],"X_CALENDAR_YEAR":["2008","2008","2008","2010"],"Y_PREVALENCE_1000PP":[6.84932,11.76471,28.57143,13.98601]},"PREVALENCE_BY_MONTH":{"X_CALENDAR_MONTH":[],"Y_PREVALENCE_1000PP":[]},"LENGTH_OF_ERA":{"CATEGORY":"Length of era","MIN_VALUE":0,"P10_VALUE":0,"P25_VALUE":0,"MEDIAN_VALUE":0,"P75_VALUE":0,"P90_VALUE":5,"MAX_VALUE":5},"AGE_AT_FIRST_DIAGNOSIS":{"CATEGORY":["MALE","FEMALE"],"MIN_VALUE":[55,81],"P10_VALUE":[55,81],"P25_VALUE":[55,81],"MEDIAN_VALUE":[74,83],"P75_VALUE":[74,86],"P90_VALUE":[74,86],"MAX_VALUE":[74,86]}}
