{"PREVALENCE_BY_GENDER_AGE_YEAR":{"TRELLIS_NAME":["80-89","90-99","70-79","80-89"],"SERIES_NAME":["FEMALE","FEMALE","FEMALE","MALE"],"X_CALENDAR_YEAR":["2009","2009","2009","2010"],"Y_PREVALENCE_1000PP":[6.99301,24.39024,18.63354,11.23596]},"PREVALENCE_BY_MONTH":{"X_CALENDAR_MONTH":"200901","Y_PREVALENCE_1000PP":1.04384},"LENGTH_OF_ERA":{"CATEGORY":"Length of era","MIN_VALUE":0,"P10_VALUE":0,"P25_VALUE":0,"MEDIAN_VALUE":2,"P75_VALUE":6,"P90_VALUE":12,"MAX_VALUE":12},"AGE_AT_FIRST_DIAGNOSIS":{"CATEGORY":["FEMALE","MALE"],"MIN_VALUE":[72,85],"P10_VALUE":[72,85],"P25_VALUE":[73,85],"MEDIAN_VALUE":[78,85],"P75_VALUE":[86,85],"P90_VALUE":[96,85],"MAX_VALUE":[96,85]}}
