{"PREVALENCE_BY_GENDER_AGE_YEAR":{"TRELLIS_NAME":"90-99","SERIES_NAME":"FEMALE","X_CALENDAR_YEAR":"2008","Y_PREVALENCE_1000PP":38.46154},"PREVALENCE_BY_MONTH":{"X_CALENDAR_MONTH":[],"Y_PREVALENCE_1000PP":[]},"LENGTH_OF_ERA":{"CATEGORY":"Length of era","MIN_VALUE":0,"P10_VALUE":0,"P25_VALUE":0,"MEDIAN_VALUE":0,"P75_VALUE":0,"P90_VALUE":0,"MAX_VALUE":0},"AGE_AT_FIRST_DIAGNOSIS":{"CATEGORY":"FEMALE","MIN_VALUE":95,"P10_VALUE":95,"P25_VALUE":95,"MEDIAN_VALUE":95,"P75_VALUE":95,"P90_VALUE":95,"MAX_VALUE":95}}
