{"PREVALENCE_BY_GENDER_AGE_YEAR":{"TRELLIS_NAME":["50-59","80-89"],"SERIES_NAME":["FEMALE","MALE"],"X_CALENDAR_YEAR":["2008","2009"],"Y_PREVALENCE_1000PP":[58.82353,11.11111]},"PREVALENCE_BY_MONTH":{"X_CALENDAR_MONTH":[],"Y_PREVALENCE_1000PP":[]},"LENGTH_OF_ERA":{"CATEGORY":"Length of era","MIN_VALUE":0,"P10_VALUE":0,"P25_VALUE":0,"MEDIAN_VALUE":0,"P75_VALUE":0,"P90_VALUE":0,"MAX_VALUE":0},"AGE_AT_FIRST_DIAGNOSIS":{"CATEGORY":["FEMALE","MALE"],"MIN_VALUE":[55,88],"P10_VALUE":[55,88],"P25_VALUE":[55,88],"MEDIAN_VALUE":[55,88],"P75_VALUE":[55,88],"P90_VALUE":[55,88],"MAX_VALUE":[55,88]}}
