{"PREVALENCE_BY_GENDER_AGE_YEAR":{"TRELLIS_NAME":["60-69","60-69","30-39","70-79","70-79","80-89","70-79","60-69","80-89","80-89","70-79","90-99","70-79"],"SERIES_NAME":["FEMALE","MALE","MALE","MALE","FEMALE","FEMALE","MALE","FEMALE","MALE","FEMALE","FEMALE","FEMALE","MALE"],"X_CALENDAR_YEAR":["2008","2008","2008","2008","2008","2008","2009","2009","2009","2009","2009","2009","2010"],"Y_PREVALENCE_1000PP":[17.69912,13.33333,100,5.88235,12.73885,20.54795,11.17318,10.10101,11.11111,6.99301,12.42236,24.39024,10.86957]},"PREVALENCE_BY_MONTH":{"X_CALENDAR_MONTH":[],"Y_PREVALENCE_1000PP":[]},"LENGTH_OF_ERA":{"CATEGORY":"Length of era","MIN_VALUE":0,"P10_VALUE":0,"P25_VALUE":0,"MEDIAN_VALUE":0,"P75_VALUE":0,"P90_VALUE":0,"MAX_VALUE":0},"AGE_AT_FIRST_DIAGNOSIS":{"CATEGORY":["MALE","FEMALE"],"MIN_VALUE":[35,65],"P10_VALUE":[35,66],"P25_VALUE":[68,69],"MEDIAN_VALUE":[72,74],"P75_VALUE":[78,82],"P90_VALUE":[80,88],"MAX_VALUE":[80,93]}}
