{"PREVALENCE_BY_GENDER_AGE_YEAR":{"TRELLIS_NAME":["80-89","50-59","40-49","60-69","70-79","60-69","70-79","30-39","70-79"],"SERIES_NAME":["FEMALE","MALE","FEMALE","FEMALE","FEMALE","FEMALE","FEMALE","FEMALE","MALE"],"X_CALENDAR_YEAR":["2008","2008","2008","2008","2009","2009","2010","2010","2010"],"Y_PREVALENCE_1000PP":[6.84932,28.57143,66.66667,8.84956,12.42236,10.10101,6.49351,142.85714,10.86957]},"PREVALENCE_BY_MONTH":{"X_CALENDAR_MONTH":"200901","Y_PREVALENCE_1000PP":1.04384},"LENGTH_OF_ERA":{"CATEGORY":"Length of era","MIN_VALUE":0,"P10_VALUE":0,"P25_VALUE":0,"MEDIAN_VALUE":0,"P75_VALUE":0,"P90_VALUE":0,"MAX_VALUE":0},"AGE_AT_FIRST_DIAGNOSIS":{"CATEGORY":["FEMALE","MALE"],"MIN_VALUE":[30,56],"P10_VALUE":[30,56],"P25_VALUE":[42,56],"MEDIAN_VALUE":[69,70],"P75_VALUE":[71,78],"P90_VALUE":[86,78],"MAX_VALUE":[86,78]}}
