{"PREVALENCE_BY_GENDER_AGE_YEAR":{"TRELLIS_NAME":["80-89","70-79","70-79","50-59","40-49","60-69","30-39","80-89","90-99","60-69","100-109","70-79","60-69","50-59","70-79","90-99","80-89","90-99","80-89","90-99","30-39","70-79","50-59","60-69","80-89","70-79","60-69"],"SERIES_NAME":["FEMALE","MALE","FEMALE","FEMALE","FEMALE","MALE","MALE","MALE","MALE","FEMALE","MALE","MALE","FEMALE","FEMALE","FEMALE","FEMALE","FEMALE","MALE","MALE","FEMALE","FEMALE","FEMALE","MALE","FEMALE","MALE","MALE","MALE"],"X_CALENDAR_YEAR":["2008","2008","2008","2008","2008","2008","2008","2008","2008","2008","2009","2009","2009","2009","2009","2009","2009","2009","2009","2010","2010","2010","2010","2010","2010","2010","2010"],"Y_PREVALENCE_1000PP":[6.84932,17.64706,6.36943,117.64706,133.33333,20,200,24.09639,300,8.84956,500,5.58659,10.10101,71.42857,12.42236,24.39024,13.98601,71.42857,11.11111,57.69231,142.85714,12.98701,31.25,24.39024,11.23596,5.43478,9.90099]},"PREVALENCE_BY_MONTH":{"X_CALENDAR_MONTH":"201001","Y_PREVALENCE_1000PP":1.07527},"LENGTH_OF_ERA":{"CATEGORY":"Length of era","MIN_VALUE":0,"P10_VALUE":0,"P25_VALUE":0,"MEDIAN_VALUE":0,"P75_VALUE":3,"P90_VALUE":8,"MAX_VALUE":20},"AGE_AT_FIRST_DIAGNOSIS":{"CATEGORY":["MALE","FEMALE"],"MIN_VALUE":[35,35],"P10_VALUE":[38,49],"P25_VALUE":[64,58],"MEDIAN_VALUE":[75,70],"P75_VALUE":[85,81],"P90_VALUE":[97,93],"MAX_VALUE":[100,96]}}
