{"PREVALENCE_BY_GENDER_AGE_YEAR":{"TRELLIS_NAME":["60-69","70-79","80-89","60-69","50-59","80-89","70-79","70-79","40-49","80-89","60-69","60-69","40-49","70-79","90-99","70-79","60-69"],"SERIES_NAME":["FEMALE","FEMALE","FEMALE","MALE","MALE","MALE","MALE","MALE","MALE","FEMALE","MALE","FEMALE","FEMALE","FEMALE","FEMALE","MALE","FEMALE"],"X_CALENDAR_YEAR":["2008","2008","2008","2008","2008","2008","2008","2009","2009","2009","2009","2009","2009","2009","2010","2010","2010"],"Y_PREVALENCE_1000PP":[17.69912,12.73885,34.24658,13.33333,28.57143,12.04819,17.64706,16.75978,41.66667,20.97902,8.40336,20.20202,71.42857,12.42236,19.23077,16.30435,12.19512]},"PREVALENCE_BY_MONTH":{"X_CALENDAR_MONTH":"201001","Y_PREVALENCE_1000PP":1.07527},"LENGTH_OF_ERA":{"CATEGORY":"Length of era","MIN_VALUE":0,"P10_VALUE":0,"P25_VALUE":0,"MEDIAN_VALUE":0,"P75_VALUE":0,"P90_VALUE":0,"MAX_VALUE":3},"AGE_AT_FIRST_DIAGNOSIS":{"CATEGORY":["FEMALE","MALE"],"MIN_VALUE":[46,46],"P10_VALUE":[63,51],"P25_VALUE":[67,61],"MEDIAN_VALUE":[79,74],"P75_VALUE":[84,76],"P90_VALUE":[87,77],"MAX_VALUE":[90,88]}}
