{"PREVALENCE_BY_GENDER_AGE_YEAR":{"TRELLIS_NAME":["70-79","80-89","80-89","70-79","70-79","80-89","70-79"],"SERIES_NAME":["MALE","FEMALE","MALE","MALE","FEMALE","FEMALE","MALE"],"X_CALENDAR_YEAR":["2008","2009","2009","2009","2009","2010","2010"],"Y_PREVALENCE_1000PP":[5.88235,6.99301,33.33333,5.58659,6.21118,6.99301,5.43478]},"PREVALENCE_BY_MONTH":{"X_CALENDAR_MONTH":[],"Y_PREVALENCE_1000PP":[]},"LENGTH_OF_ERA":{"CATEGORY":"Length of era","MIN_VALUE":0,"P10_VALUE":0,"P25_VALUE":0,"MEDIAN_VALUE":0,"P75_VALUE":0,"P90_VALUE":0,"MAX_VALUE":0},"AGE_AT_FIRST_DIAGNOSIS":{"CATEGORY":["MALE","FEMALE"],"MIN_VALUE":[73,78],"P10_VALUE":[73,78],"P25_VALUE":[74,78],"MEDIAN_VALUE":[77,81],"P75_VALUE":[81,83],"P90_VALUE":[82,83],"MAX_VALUE":[82,83]}}
