{"PREVALENCE_BY_GENDER_AGE_YEAR":{"TRELLIS_NAME":["60-69","90-99","80-89","70-79","70-79","70-79"],"SERIES_NAME":["FEMALE","FEMALE","MALE","FEMALE","MALE","FEMALE"],"X_CALENDAR_YEAR":["2008","2009","2009","2009","2009","2010"],"Y_PREVALENCE_1000PP":[8.84956,24.39024,11.11111,6.21118,5.58659,6.49351]},"PREVALENCE_BY_MONTH":{"X_CALENDAR_MONTH":[],"Y_PREVALENCE_1000PP":[]},"LENGTH_OF_ERA":{"CATEGORY":"Length of era","MIN_VALUE":0,"P10_VALUE":0,"P25_VALUE":0,"MEDIAN_VALUE":0,"P75_VALUE":0,"P90_VALUE":0,"MAX_VALUE":0},"AGE_AT_FIRST_DIAGNOSIS":{"CATEGORY":["FEMALE","MALE"],"MIN_VALUE":[65,74],"P10_VALUE":[65,74],"P25_VALUE":[65,74],"MEDIAN_VALUE":[75,74],"P75_VALUE":[78,86],"P90_VALUE":[95,86],"MAX_VALUE":[95,86]}}
