{"PREVALENCE_BY_GENDER_AGE_YEAR":{"TRELLIS_NAME":["60-69","70-79","70-79","60-69","80-89"],"SERIES_NAME":["FEMALE","FEMALE","FEMALE","MALE","MALE"],"X_CALENDAR_YEAR":["2008","2008","2009","2010","2010"],"Y_PREVALENCE_1000PP":[8.84956,6.36943,6.21118,9.90099,11.23596]},"PREVALENCE_BY_MONTH":{"X_CALENDAR_MONTH":[],"Y_PREVALENCE_1000PP":[]},"LENGTH_OF_ERA":{"CATEGORY":"Length of era","MIN_VALUE":0,"P10_VALUE":0,"P25_VALUE":0,"MEDIAN_VALUE":0,"P75_VALUE":0,"P90_VALUE":1,"MAX_VALUE":1},"AGE_AT_FIRST_DIAGNOSIS":{"CATEGORY":["MALE","FEMALE"],"MIN_VALUE":[68,67],"P10_VALUE":[68,67],"P25_VALUE":[68,67],"MEDIAN_VALUE":[68,77],"P75_VALUE":[85,78],"P90_VALUE":[85,78],"MAX_VALUE":[85,78]}}
