{"PREVALENCE_BY_GENDER_AGE_YEAR":{"TRELLIS_NAME":["60-69","90-99","80-89","70-79","90-99","40-49","70-79","70-79","50-59","80-89","60-69","80-89","70-79","70-79"],"SERIES_NAME":["MALE","FEMALE","FEMALE","FEMALE","FEMALE","MALE","MALE","FEMALE","MALE","FEMALE","MALE","FEMALE","MALE","FEMALE"],"X_CALENDAR_YEAR":["2008","2008","2008","2008","2009","2009","2009","2009","2009","2009","2009","2010","2010","2010"],"Y_PREVALENCE_1000PP":[6.66667,38.46154,6.84932,12.73885,24.39024,41.66667,5.58659,6.21118,28.57143,6.99301,16.80672,6.99301,5.43478,12.98701]},"PREVALENCE_BY_MONTH":{"X_CALENDAR_MONTH":"200901","Y_PREVALENCE_1000PP":3.13152},"LENGTH_OF_ERA":{"CATEGORY":"Length of era","MIN_VALUE":0,"P10_VALUE":0,"P25_VALUE":0,"MEDIAN_VALUE":0,"P75_VALUE":1,"P90_VALUE":5,"MAX_VALUE":6},"AGE_AT_FIRST_DIAGNOSIS":{"CATEGORY":["MALE","FEMALE"],"MIN_VALUE":[41,70],"P10_VALUE":[41,70],"P25_VALUE":[57,74],"MEDIAN_VALUE":[64,79],"P75_VALUE":[70,86],"P90_VALUE":[79,96],"MAX_VALUE":[79,96]}}
