{"PREVALENCE_BY_GENDER_AGE_YEAR":{"TRELLIS_NAME":["80-89","90-99","80-89","70-79","70-79","70-79","80-89"],"SERIES_NAME":["FEMALE","FEMALE","FEMALE","MALE","FEMALE","FEMALE","FEMALE"],"X_CALENDAR_YEAR":["2008","2008","2009","2009","2009","2010","2010"],"Y_PREVALENCE_1000PP":[13.69863,38.46154,6.99301,5.58659,6.21118,19.48052,6.99301]},"PREVALENCE_BY_MONTH":{"X_CALENDAR_MONTH":["200901","201001"],"Y_PREVALENCE_1000PP":[2.08768,1.07527]},"LENGTH_OF_ERA":{"CATEGORY":"Length of era","MIN_VALUE":0,"P10_VALUE":0,"P25_VALUE":0,"MEDIAN_VALUE":0,"P75_VALUE":0,"P90_VALUE":0,"MAX_VALUE":0},"AGE_AT_FIRST_DIAGNOSIS":{"CATEGORY":["FEMALE","MALE"],"MIN_VALUE":[71,70],"P10_VALUE":[71,70],"P25_VALUE":[79,70],"MEDIAN_VALUE":[83,70],"P75_VALUE":[85,70],"P90_VALUE":[95,70],"MAX_VALUE":[95,70]}}
