{"PREVALENCE_BY_GENDER_AGE_YEAR":{"TRELLIS_NAME":["80-89","70-79","40-49","30-39","90-99","60-69","70-79","90-99","80-89","80-89"],"SERIES_NAME":["FEMALE","MALE","MALE","FEMALE","FEMALE","MALE","FEMALE","MALE","FEMALE","MALE"],"X_CALENDAR_YEAR":["2008","2008","2008","2008","2009","2009","2009","2009","2010","2010"],"Y_PREVALENCE_1000PP":[13.69863,11.76471,41.66667,125,24.39024,8.40336,12.42236,71.42857,6.99301,11.23596]},"PREVALENCE_BY_MONTH":{"X_CALENDAR_MONTH":"200901","Y_PREVALENCE_1000PP":1.04384},"LENGTH_OF_ERA":{"CATEGORY":"Length of era","MIN_VALUE":0,"P10_VALUE":0,"P25_VALUE":0,"MEDIAN_VALUE":0,"P75_VALUE":0,"P90_VALUE":6,"MAX_VALUE":15},"AGE_AT_FIRST_DIAGNOSIS":{"CATEGORY":["MALE","FEMALE"],"MIN_VALUE":[41,36],"P10_VALUE":[41,36],"P25_VALUE":[66,75],"MEDIAN_VALUE":[72,77],"P75_VALUE":[84,84],"P90_VALUE":[96,95],"MAX_VALUE":[96,95]}}
