{"PREVALENCE_BY_GENDER_AGE_YEAR":{"TRELLIS_NAME":["70-79","70-79","80-89","80-89","60-69"],"SERIES_NAME":["FEMALE","FEMALE","FEMALE","FEMALE","MALE"],"X_CALENDAR_YEAR":["2008","2009","2009","2010","2010"],"Y_PREVALENCE_1000PP":[6.36943,6.21118,13.98601,6.99301,9.90099]},"PREVALENCE_BY_MONTH":{"X_CALENDAR_MONTH":[],"Y_PREVALENCE_1000PP":[]},"LENGTH_OF_ERA":{"CATEGORY":"Length of era","MIN_VALUE":0,"P10_VALUE":0,"P25_VALUE":0,"MEDIAN_VALUE":0,"P75_VALUE":0,"P90_VALUE":0,"MAX_VALUE":0},"AGE_AT_FIRST_DIAGNOSIS":{"CATEGORY":["MALE","FEMALE"],"MIN_VALUE":[60,71],"P10_VALUE":[60,71],"P25_VALUE":[60,73],"MEDIAN_VALUE":[60,86],"P75_VALUE":[60,86],"P90_VALUE":[60,89],"MAX_VALUE":[60,89]}}
