{"PREVALENCE_BY_GENDER_AGE_YEAR":{"TRELLIS_NAME":["60-69","70-79","80-89","40-49","70-79","60-69","80-89","40-49","90-99","80-89","40-49","50-59","50-59","90-99","20-29","70-79","60-69","80-89","70-79","60-69","70-79","50-59","40-49","60-69","90-99","70-79","80-89","60-69"],"SERIES_NAME":["FEMALE","FEMALE","FEMALE","FEMALE","MALE","MALE","MALE","MALE","FEMALE","MALE","MALE","FEMALE","MALE","FEMALE","MALE","MALE","MALE","FEMALE","FEMALE","FEMALE","FEMALE","MALE","FEMALE","MALE","FEMALE","MALE","MALE","FEMALE"],"X_CALENDAR_YEAR":["2008","2008","2008","2008","2008","2008","2008","2008","2008","2009","2009","2009","2009","2009","2009","2009","2009","2009","2009","2009","2010","2010","2010","2010","2010","2010","2010","2010"],"Y_PREVALENCE_1000PP":[26.54867,31.84713,27.39726,66.66667,23.52941,13.33333,24.09639,41.66667,76.92308,11.11111,41.66667,71.42857,28.57143,48.78049,142.85714,11.17318,33.61345,41.95804,31.0559,40.40404,19.48052,62.5,71.42857,9.90099,19.23077,16.30435,22.47191,24.39024]},"PREVALENCE_BY_MONTH":{"X_CALENDAR_MONTH":["200801","200901","201001"],"Y_PREVALENCE_1000PP":[1.02775,2.08768,3.22581]},"LENGTH_OF_ERA":{"CATEGORY":"Length of era","MIN_VALUE":0,"P10_VALUE":0,"P25_VALUE":0,"MEDIAN_VALUE":0,"P75_VALUE":0,"P90_VALUE":0,"MAX_VALUE":10},"AGE_AT_FIRST_DIAGNOSIS":{"CATEGORY":["FEMALE","MALE"],"MIN_VALUE":[46,29],"P10_VALUE":[64,49],"P25_VALUE":[68,62],"MEDIAN_VALUE":[76,71],"P75_VALUE":[87,77],"P90_VALUE":[95,88],"MAX_VALUE":[98,89]}}
