{"PREVALENCE_BY_GENDER_AGE_YEAR":{"TRELLIS_NAME":["80-89","60-69","60-69","50-59","50-59","90-99","80-89","70-79","90-99","70-79","40-49","70-79","80-89","60-69","50-59","50-59","60-69","80-89","40-49","90-99","70-79","40-49","70-79","80-89","50-59","60-69","70-79","60-69","80-89","90-99"],"SERIES_NAME":["FEMALE","FEMALE","MALE","FEMALE","MALE","FEMALE","MALE","FEMALE","MALE","MALE","FEMALE","MALE","FEMALE","FEMALE","FEMALE","MALE","MALE","MALE","MALE","FEMALE","FEMALE","FEMALE","MALE","MALE","MALE","MALE","FEMALE","FEMALE","FEMALE","FEMALE"],"X_CALENDAR_YEAR":["2008","2008","2008","2008","2008","2008","2008","2008","2008","2008","2008","2009","2009","2009","2009","2009","2009","2009","2009","2009","2009","2009","2010","2010","2010","2010","2010","2010","2010","2010"],"Y_PREVALENCE_1000PP":[27.39726,35.39823,33.33333,58.82353,28.57143,38.46154,24.09639,63.69427,100,35.29412,66.66667,33.51955,48.95105,50.50505,71.42857,28.57143,16.80672,11.11111,41.66667,48.78049,37.26708,71.42857,38.04348,56.17978,62.5,9.90099,12.98701,24.39024,27.97203,38.46154]},"PREVALENCE_BY_MONTH":{"X_CALENDAR_MONTH":["200801","201001"],"Y_PREVALENCE_1000PP":[2.0555,5.37634]},"LENGTH_OF_ERA":{"CATEGORY":"Length of era","MIN_VALUE":0,"P10_VALUE":0,"P25_VALUE":0,"MEDIAN_VALUE":0,"P75_VALUE":0,"P90_VALUE":0,"MAX_VALUE":29},"AGE_AT_FIRST_DIAGNOSIS":{"CATEGORY":["MALE","FEMALE"],"MIN_VALUE":[41,43],"P10_VALUE":[57,62],"P25_VALUE":[65,68],"MEDIAN_VALUE":[74,73],"P75_VALUE":[77,81],"P90_VALUE":[85,90],"MAX_VALUE":[97,97]}}
