{"PREVALENCE_BY_GENDER_AGE_YEAR":{"TRELLIS_NAME":["80-89","60-69","70-79","60-69","50-59","90-99","70-79","60-69","50-59","70-79","60-69","70-79","40-49","80-89","60-69","70-79","90-99","80-89"],"SERIES_NAME":["FEMALE","FEMALE","MALE","MALE","MALE","FEMALE","FEMALE","FEMALE","MALE","MALE","MALE","FEMALE","FEMALE","FEMALE","FEMALE","MALE","MALE","MALE"],"X_CALENDAR_YEAR":["2008","2008","2008","2008","2008","2008","2008","2009","2009","2009","2009","2009","2009","2009","2010","2010","2010","2010"],"Y_PREVALENCE_1000PP":[27.39726,35.39823,5.88235,6.66667,57.14286,38.46154,19.10828,10.10101,57.14286,33.51955,8.40336,6.21118,71.42857,13.98601,12.19512,10.86957,45.45455,22.47191]},"PREVALENCE_BY_MONTH":{"X_CALENDAR_MONTH":[],"Y_PREVALENCE_1000PP":[]},"LENGTH_OF_ERA":{"CATEGORY":"Length of era","MIN_VALUE":0,"P10_VALUE":0,"P25_VALUE":0,"MEDIAN_VALUE":0,"P75_VALUE":0,"P90_VALUE":0,"MAX_VALUE":20},"AGE_AT_FIRST_DIAGNOSIS":{"CATEGORY":["MALE","FEMALE"],"MIN_VALUE":[51,46],"P10_VALUE":[51,63],"P25_VALUE":[68,67],"MEDIAN_VALUE":[73,75],"P75_VALUE":[76,85],"P90_VALUE":[85,89],"MAX_VALUE":[90,95]}}
