{"PREVALENCE_BY_GENDER_AGE_YEAR":{"TRELLIS_NAME":["80-89","40-49","80-89","70-79","80-89"],"SERIES_NAME":["MALE","FEMALE","FEMALE","MALE","MALE"],"X_CALENDAR_YEAR":["2008","2008","2009","2009","2010"],"Y_PREVALENCE_1000PP":[12.04819,66.66667,6.99301,5.58659,11.23596]},"PREVALENCE_BY_MONTH":{"X_CALENDAR_MONTH":"200901","Y_PREVALENCE_1000PP":1.04384},"LENGTH_OF_ERA":{"CATEGORY":"Length of era","MIN_VALUE":0,"P10_VALUE":0,"P25_VALUE":0,"MEDIAN_VALUE":0,"P75_VALUE":0,"P90_VALUE":0,"MAX_VALUE":0},"AGE_AT_FIRST_DIAGNOSIS":{"CATEGORY":["FEMALE","MALE"],"MIN_VALUE":[49,77],"P10_VALUE":[49,77],"P25_VALUE":[49,77],"MEDIAN_VALUE":[49,80],"P75_VALUE":[86,83],"P90_VALUE":[86,83],"MAX_VALUE":[86,83]}}
