{"PREVALENCE_BY_GENDER_AGE_YEAR":{"TRELLIS_NAME":["70-79","80-89","60-69","80-89","30-39","90-99","70-79","80-89","40-49","50-59","80-89","60-69","60-69"],"SERIES_NAME":["FEMALE","FEMALE","FEMALE","FEMALE","MALE","MALE","MALE","MALE","FEMALE","MALE","FEMALE","MALE","FEMALE"],"X_CALENDAR_YEAR":["2008","2008","2008","2009","2009","2009","2009","2009","2010","2010","2010","2010","2010"],"Y_PREVALENCE_1000PP":[6.36943,6.84932,8.84956,6.99301,166.66667,71.42857,5.58659,11.11111,71.42857,31.25,6.99301,9.90099,12.19512]},"PREVALENCE_BY_MONTH":{"X_CALENDAR_MONTH":"201001","Y_PREVALENCE_1000PP":1.07527},"LENGTH_OF_ERA":{"CATEGORY":"Length of era","MIN_VALUE":0,"P10_VALUE":0,"P25_VALUE":0,"MEDIAN_VALUE":0,"P75_VALUE":0,"P90_VALUE":0,"MAX_VALUE":1},"AGE_AT_FIRST_DIAGNOSIS":{"CATEGORY":["FEMALE","MALE"],"MIN_VALUE":[43,35],"P10_VALUE":[43,35],"P25_VALUE":[65,59],"MEDIAN_VALUE":[77,62],"P75_VALUE":[82,83],"P90_VALUE":[83,96],"MAX_VALUE":[83,96]}}
