{"PREVALENCE_BY_GENDER_AGE_YEAR":{"TRELLIS_NAME":["70-79","40-49","60-69","70-79","80-89","70-79","90-99","90-99","90-99","60-69","70-79","100-109","80-89"],"SERIES_NAME":["FEMALE","MALE","FEMALE","MALE","FEMALE","FEMALE","FEMALE","MALE","MALE","FEMALE","FEMALE","MALE","FEMALE"],"X_CALENDAR_YEAR":["2008","2008","2008","2009","2009","2009","2009","2009","2010","2010","2010","2010","2010"],"Y_PREVALENCE_1000PP":[6.36943,41.66667,8.84956,11.17318,6.99301,6.21118,48.78049,71.42857,45.45455,12.19512,6.49351,500,6.99301]},"PREVALENCE_BY_MONTH":{"X_CALENDAR_MONTH":"201001","Y_PREVALENCE_1000PP":1.07527},"LENGTH_OF_ERA":{"CATEGORY":"Length of era","MIN_VALUE":0,"P10_VALUE":0,"P25_VALUE":0,"MEDIAN_VALUE":0,"P75_VALUE":0,"P90_VALUE":5,"MAX_VALUE":6},"AGE_AT_FIRST_DIAGNOSIS":{"CATEGORY":["FEMALE","MALE"],"MIN_VALUE":[66,48],"P10_VALUE":[66,48],"P25_VALUE":[70,74],"MEDIAN_VALUE":[72,75],"P75_VALUE":[86,98],"P90_VALUE":[93,101],"MAX_VALUE":[93,101]}}
