{"PREVALENCE_BY_GENDER_AGE_YEAR":{"TRELLIS_NAME":["80-89","70-79","60-69","60-69","70-79","40-49","70-79","90-99","60-69","80-89","70-79","60-69","90-99","50-59","80-89","90-99","80-89","70-79","40-49","50-59","70-79","80-89","60-69"],"SERIES_NAME":["FEMALE","FEMALE","MALE","FEMALE","MALE","FEMALE","MALE","FEMALE","FEMALE","FEMALE","FEMALE","MALE","MALE","MALE","MALE","FEMALE","MALE","FEMALE","FEMALE","MALE","MALE","FEMALE","FEMALE"],"X_CALENDAR_YEAR":["2008","2008","2008","2008","2008","2008","2009","2009","2009","2009","2009","2009","2009","2009","2009","2010","2010","2010","2010","2010","2010","2010","2010"],"Y_PREVALENCE_1000PP":[13.69863,19.10828,26.66667,35.39823,64.70588,66.66667,27.93296,24.39024,20.20202,27.97203,24.84472,16.80672,71.42857,57.14286,33.33333,38.46154,33.70787,38.96104,71.42857,31.25,27.17391,13.98601,12.19512]},"PREVALENCE_BY_MONTH":{"X_CALENDAR_MONTH":["200901","201001"],"Y_PREVALENCE_1000PP":[2.08768,2.15054]},"LENGTH_OF_ERA":{"CATEGORY":"Length of era","MIN_VALUE":0,"P10_VALUE":0,"P25_VALUE":0,"MEDIAN_VALUE":0,"P75_VALUE":0,"P90_VALUE":0,"MAX_VALUE":16},"AGE_AT_FIRST_DIAGNOSIS":{"CATEGORY":["FEMALE","MALE"],"MIN_VALUE":[44,57],"P10_VALUE":[63,60],"P25_VALUE":[69,70],"MEDIAN_VALUE":[76,74],"P75_VALUE":[83,79],"P90_VALUE":[89,82],"MAX_VALUE":[96,90]}}
