{"PREVALENCE_BY_GENDER_AGE_YEAR":{"TRELLIS_NAME":["60-69","80-89","70-79","80-89"],"SERIES_NAME":["MALE","MALE","MALE","MALE"],"X_CALENDAR_YEAR":["2008","2009","2009","2010"],"Y_PREVALENCE_1000PP":[6.66667,11.11111,5.58659,11.23596]},"PREVALENCE_BY_MONTH":{"X_CALENDAR_MONTH":[],"Y_PREVALENCE_1000PP":[]},"LENGTH_OF_ERA":{"CATEGORY":"Length of era","MIN_VALUE":0,"P10_VALUE":0,"P25_VALUE":0,"MEDIAN_VALUE":0,"P75_VALUE":0,"P90_VALUE":0,"MAX_VALUE":0},"AGE_AT_FIRST_DIAGNOSIS":{"CATEGORY":"MALE","MIN_VALUE":69,"P10_VALUE":69,"P25_VALUE":69,"MEDIAN_VALUE":77,"P75_VALUE":81,"P90_VALUE":88,"MAX_VALUE":88}}
