{"PREVALENCE_BY_GENDER_AGE_YEAR":{"TRELLIS_NAME":["70-79","50-59","80-89","60-69","80-89","60-69","70-79"],"SERIES_NAME":["MALE","FEMALE","FEMALE","MALE","FEMALE","MALE","MALE"],"X_CALENDAR_YEAR":["2008","2009","2009","2009","2010","2010","2010"],"Y_PREVALENCE_1000PP":[5.88235,71.42857,6.99301,8.40336,6.99301,9.90099,5.43478]},"PREVALENCE_BY_MONTH":{"X_CALENDAR_MONTH":"200801","Y_PREVALENCE_1000PP":1.02775},"LENGTH_OF_ERA":{"CATEGORY":"Length of era","MIN_VALUE":0,"P10_VALUE":0,"P25_VALUE":0,"MEDIAN_VALUE":0,"P75_VALUE":0,"P90_VALUE":9,"MAX_VALUE":9},"AGE_AT_FIRST_DIAGNOSIS":{"CATEGORY":["MALE","FEMALE"],"MIN_VALUE":[61,56],"P10_VALUE":[61,56],"P25_VALUE":[61,56],"MEDIAN_VALUE":[69,80],"P75_VALUE":[73,85],"P90_VALUE":[75,85],"MAX_VALUE":[75,85]}}
