{"PREVALENCE_BY_GENDER_AGE_YEAR":{"TRELLIS_NAME":["80-89","80-89","60-69","80-89","70-79","60-69","60-69","70-79","40-49"],"SERIES_NAME":["MALE","FEMALE","MALE","MALE","FEMALE","MALE","FEMALE","MALE","FEMALE"],"X_CALENDAR_YEAR":["2008","2008","2008","2009","2009","2009","2009","2009","2010"],"Y_PREVALENCE_1000PP":[12.04819,6.84932,6.66667,11.11111,6.21118,25.21008,10.10101,5.58659,71.42857]},"PREVALENCE_BY_MONTH":{"X_CALENDAR_MONTH":["200901","201001"],"Y_PREVALENCE_1000PP":[1.04384,1.07527]},"LENGTH_OF_ERA":{"CATEGORY":"Length of era","MIN_VALUE":0,"P10_VALUE":0,"P25_VALUE":0,"MEDIAN_VALUE":0,"P75_VALUE":0,"P90_VALUE":0,"MAX_VALUE":7},"AGE_AT_FIRST_DIAGNOSIS":{"CATEGORY":["MALE","FEMALE"],"MIN_VALUE":[67,44],"P10_VALUE":[67,44],"P25_VALUE":[68,44],"MEDIAN_VALUE":[69,68],"P75_VALUE":[81,72],"P90_VALUE":[82,83],"MAX_VALUE":[82,83]}}
