{"PREVALENCE_BY_GENDER_AGE_YEAR":{"TRELLIS_NAME":["70-79","90-99","50-59","80-89"],"SERIES_NAME":["FEMALE","FEMALE","MALE","MALE"],"X_CALENDAR_YEAR":["2008","2008","2008","2009"],"Y_PREVALENCE_1000PP":[12.73885,38.46154,28.57143,11.11111]},"PREVALENCE_BY_MONTH":{"X_CALENDAR_MONTH":[],"Y_PREVALENCE_1000PP":[]},"LENGTH_OF_ERA":{"CATEGORY":"Length of era","MIN_VALUE":0,"P10_VALUE":0,"P25_VALUE":0,"MEDIAN_VALUE":0,"P75_VALUE":0,"P90_VALUE":0,"MAX_VALUE":0},"AGE_AT_FIRST_DIAGNOSIS":{"CATEGORY":["FEMALE","MALE"],"MIN_VALUE":[70,55],"P10_VALUE":[70,55],"P25_VALUE":[70,55],"MEDIAN_VALUE":[79,55],"P75_VALUE":[94,82],"P90_VALUE":[94,82],"MAX_VALUE":[94,82]}}
