{"PREVALENCE_BY_GENDER_AGE_YEAR":{"TRELLIS_NAME":"70-79","SERIES_NAME":"MALE","X_CALENDAR_YEAR":"2009","Y_PREVALENCE_1000PP":5.58659},"PREVALENCE_BY_MONTH":{"X_CALENDAR_MONTH":[],"Y_PREVALENCE_1000PP":[]},"LENGTH_OF_ERA":{"CATEGORY":"Length of era","MIN_VALUE":1,"P10_VALUE":1,"P25_VALUE":1,"MEDIAN_VALUE":1,"P75_VALUE":1,"P90_VALUE":1,"MAX_VALUE":1},"AGE_AT_FIRST_DIAGNOSIS":{"CATEGORY":"MALE","MIN_VALUE":76,"P10_VALUE":76,"P25_VALUE":76,"MEDIAN_VALUE":76,"P75_VALUE":76,"P90_VALUE":76,"MAX_VALUE":76}}
