{"PREVALENCE_BY_GENDER_AGE_YEAR":{"TRELLIS_NAME":["80-89","70-79","60-69","60-69","80-89","50-59","70-79","80-89","60-69","60-69","70-79","60-69","100-109","70-79","70-79","60-69"],"SERIES_NAME":["FEMALE","MALE","FEMALE","MALE","MALE","FEMALE","FEMALE","FEMALE","FEMALE","MALE","MALE","MALE","MALE","MALE","FEMALE","FEMALE"],"X_CALENDAR_YEAR":["2008","2008","2008","2008","2008","2008","2009","2009","2009","2009","2009","2010","2010","2010","2010","2010"],"Y_PREVALENCE_1000PP":[6.84932,11.76471,26.54867,20,24.09639,58.82353,12.42236,27.97203,10.10101,16.80672,16.75978,9.90099,500,5.43478,6.49351,12.19512]},"PREVALENCE_BY_MONTH":{"X_CALENDAR_MONTH":["200801","200901"],"Y_PREVALENCE_1000PP":[1.02775,3.13152]},"LENGTH_OF_ERA":{"CATEGORY":"Length of era","MIN_VALUE":0,"P10_VALUE":0,"P25_VALUE":0,"MEDIAN_VALUE":0,"P75_VALUE":0,"P90_VALUE":0,"MAX_VALUE":8},"AGE_AT_FIRST_DIAGNOSIS":{"CATEGORY":["MALE","FEMALE"],"MIN_VALUE":[65,57],"P10_VALUE":[66,61],"P25_VALUE":[67,67],"MEDIAN_VALUE":[71,71],"P75_VALUE":[79,81],"P90_VALUE":[87,83],"MAX_VALUE":[101,88]}}
