{"PREVALENCE_BY_GENDER_AGE_YEAR":{"TRELLIS_NAME":["80-89","60-69","70-79","60-69","50-59","40-49","80-89","90-99","30-39","70-79","90-99","80-89","40-49","90-99","60-69","70-79","80-89","40-49","70-79","60-69","60-69","90-99","20-29","40-49","70-79","70-79","40-49","30-39","60-69"],"SERIES_NAME":["FEMALE","MALE","FEMALE","FEMALE","MALE","MALE","MALE","MALE","FEMALE","MALE","MALE","FEMALE","FEMALE","FEMALE","FEMALE","FEMALE","MALE","MALE","MALE","MALE","FEMALE","FEMALE","MALE","FEMALE","FEMALE","MALE","MALE","FEMALE","MALE"],"X_CALENDAR_YEAR":["2008","2008","2008","2008","2008","2008","2008","2008","2008","2008","2009","2009","2009","2009","2009","2009","2009","2009","2009","2009","2010","2010","2010","2010","2010","2010","2010","2010","2010"],"Y_PREVALENCE_1000PP":[27.39726,13.33333,31.84713,17.69912,28.57143,41.66667,24.09639,100,125,23.52941,71.42857,6.99301,71.42857,48.78049,30.30303,43.47826,22.22222,41.66667,16.75978,16.80672,24.39024,19.23077,200,142.85714,6.49351,21.73913,50,142.85714,19.80198]},"PREVALENCE_BY_MONTH":{"X_CALENDAR_MONTH":["200901","201001"],"Y_PREVALENCE_1000PP":[5.21921,2.15054]},"LENGTH_OF_ERA":{"CATEGORY":"Length of era","MIN_VALUE":0,"P10_VALUE":0,"P25_VALUE":0,"MEDIAN_VALUE":0,"P75_VALUE":0,"P90_VALUE":0,"MAX_VALUE":9},"AGE_AT_FIRST_DIAGNOSIS":{"CATEGORY":["FEMALE","MALE"],"MIN_VALUE":[36,29],"P10_VALUE":[43,42],"P25_VALUE":[66,66],"MEDIAN_VALUE":[73,71],"P75_VALUE":[82,77],"P90_VALUE":[87,87],"MAX_VALUE":[91,97]}}
