{"PREVALENCE_BY_GENDER_AGE_YEAR":{"TRELLIS_NAME":["80-89","80-89","90-99","80-89"],"SERIES_NAME":["FEMALE","MALE","FEMALE","FEMALE"],"X_CALENDAR_YEAR":["2008","2009","2009","2010"],"Y_PREVALENCE_1000PP":[6.84932,11.11111,24.39024,6.99301]},"PREVALENCE_BY_MONTH":{"X_CALENDAR_MONTH":[],"Y_PREVALENCE_1000PP":[]},"LENGTH_OF_ERA":{"CATEGORY":"Length of era","MIN_VALUE":0,"P10_VALUE":0,"P25_VALUE":0,"MEDIAN_VALUE":0,"P75_VALUE":0,"P90_VALUE":0,"MAX_VALUE":0},"AGE_AT_FIRST_DIAGNOSIS":{"CATEGORY":["FEMALE","MALE"],"MIN_VALUE":[83,82],"P10_VALUE":[83,82],"P25_VALUE":[83,82],"MEDIAN_VALUE":[86,82],"P75_VALUE":[90,82],"P90_VALUE":[90,82],"MAX_VALUE":[90,82]}}
