{"PREVALENCE_BY_GENDER_AGE_YEAR":{"TRELLIS_NAME":["60-69","70-79","70-79","90-99","80-89","70-79","70-79","90-99","80-89"],"SERIES_NAME":["MALE","MALE","FEMALE","FEMALE","FEMALE","FEMALE","MALE","FEMALE","FEMALE"],"X_CALENDAR_YEAR":["2008","2008","2008","2008","2009","2009","2009","2010","2010"],"Y_PREVALENCE_1000PP":[6.66667,5.88235,6.36943,38.46154,13.98601,12.42236,11.17318,19.23077,6.99301]},"PREVALENCE_BY_MONTH":{"X_CALENDAR_MONTH":"201001","Y_PREVALENCE_1000PP":1.07527},"LENGTH_OF_ERA":{"CATEGORY":"Length of era","MIN_VALUE":0,"P10_VALUE":0,"P25_VALUE":0,"MEDIAN_VALUE":0,"P75_VALUE":0,"P90_VALUE":0,"MAX_VALUE":5},"AGE_AT_FIRST_DIAGNOSIS":{"CATEGORY":["MALE","FEMALE"],"MIN_VALUE":[68,70],"P10_VALUE":[68,70],"P25_VALUE":[68,71],"MEDIAN_VALUE":[75,81],"P75_VALUE":[75,84],"P90_VALUE":[75,93],"MAX_VALUE":[75,93]}}
