{"PREVALENCE_BY_GENDER_AGE_YEAR":{"TRELLIS_NAME":["80-89","80-89","70-79","90-99","60-69","70-79","50-59","90-99"],"SERIES_NAME":["MALE","FEMALE","MALE","FEMALE","FEMALE","MALE","FEMALE","FEMALE"],"X_CALENDAR_YEAR":["2008","2008","2008","2008","2009","2009","2010","2010"],"Y_PREVALENCE_1000PP":[12.04819,6.84932,5.88235,38.46154,10.10101,5.58659,71.42857,19.23077]},"PREVALENCE_BY_MONTH":{"X_CALENDAR_MONTH":"200901","Y_PREVALENCE_1000PP":1.04384},"LENGTH_OF_ERA":{"CATEGORY":"Length of era","MIN_VALUE":0,"P10_VALUE":0,"P25_VALUE":0,"MEDIAN_VALUE":0,"P75_VALUE":0,"P90_VALUE":7,"MAX_VALUE":7},"AGE_AT_FIRST_DIAGNOSIS":{"CATEGORY":["MALE","FEMALE"],"MIN_VALUE":[71,59],"P10_VALUE":[71,59],"P25_VALUE":[71,63],"MEDIAN_VALUE":[77,84],"P75_VALUE":[88,91],"P90_VALUE":[88,92],"MAX_VALUE":[88,92]}}
