{"PREVALENCE_BY_GENDER_AGE_YEAR":{"TRELLIS_NAME":["70-79","90-99","50-59","80-89","70-79","60-69","50-59","60-69","40-49","80-89","30-39","60-69","80-89","40-49","90-99","70-79","60-69","80-89","70-79","90-99","80-89","40-49","50-59","70-79","60-69","70-79","80-89"],"SERIES_NAME":["MALE","FEMALE","FEMALE","FEMALE","FEMALE","MALE","MALE","FEMALE","MALE","MALE","FEMALE","FEMALE","FEMALE","FEMALE","FEMALE","FEMALE","MALE","MALE","MALE","FEMALE","MALE","FEMALE","MALE","MALE","FEMALE","FEMALE","FEMALE"],"X_CALENDAR_YEAR":["2008","2008","2008","2008","2008","2008","2008","2008","2008","2008","2008","2009","2009","2009","2009","2009","2009","2009","2009","2010","2010","2010","2010","2010","2010","2010","2010"],"Y_PREVALENCE_1000PP":[29.41176,38.46154,58.82353,47.94521,12.73885,13.33333,28.57143,26.54867,125,12.04819,125,20.20202,27.97203,71.42857,48.78049,43.47826,16.80672,33.33333,33.51955,57.69231,22.47191,71.42857,31.25,10.86957,12.19512,51.94805,13.98601]},"PREVALENCE_BY_MONTH":{"X_CALENDAR_MONTH":["200801","200901","201001"],"Y_PREVALENCE_1000PP":[1.02775,2.08768,4.30108]},"LENGTH_OF_ERA":{"CATEGORY":"Length of era","MIN_VALUE":0,"P10_VALUE":0,"P25_VALUE":0,"MEDIAN_VALUE":0,"P75_VALUE":0,"P90_VALUE":5,"MAX_VALUE":17},"AGE_AT_FIRST_DIAGNOSIS":{"CATEGORY":["FEMALE","MALE"],"MIN_VALUE":[36,40],"P10_VALUE":[63,48],"P25_VALUE":[71,65],"MEDIAN_VALUE":[78,74],"P75_VALUE":[87,77],"P90_VALUE":[91,84],"MAX_VALUE":[97,86]}}
