{"PREVALENCE_BY_GENDER_AGE_YEAR":{"TRELLIS_NAME":["70-79","60-69","90-99","70-79","60-69","70-79","90-99"],"SERIES_NAME":["FEMALE","MALE","MALE","MALE","MALE","MALE","FEMALE"],"X_CALENDAR_YEAR":["2008","2008","2008","2008","2009","2010","2010"],"Y_PREVALENCE_1000PP":[12.73885,6.66667,100,11.76471,16.80672,5.43478,19.23077]},"PREVALENCE_BY_MONTH":{"X_CALENDAR_MONTH":"201001","Y_PREVALENCE_1000PP":1.07527},"LENGTH_OF_ERA":{"CATEGORY":"Length of era","MIN_VALUE":0,"P10_VALUE":0,"P25_VALUE":0,"MEDIAN_VALUE":0,"P75_VALUE":0,"P90_VALUE":0,"MAX_VALUE":0},"AGE_AT_FIRST_DIAGNOSIS":{"CATEGORY":["MALE","FEMALE"],"MIN_VALUE":[65,73],"P10_VALUE":[65,73],"P25_VALUE":[66,73],"MEDIAN_VALUE":[72,77],"P75_VALUE":[74,94],"P90_VALUE":[95,94],"MAX_VALUE":[95,94]}}
