{"PREVALENCE_BY_GENDER_AGE_YEAR":{"TRELLIS_NAME":["70-79","60-69","80-89","90-99","70-79","70-79","80-89","60-69","80-89","90-99","80-89","70-79"],"SERIES_NAME":["FEMALE","FEMALE","FEMALE","MALE","FEMALE","MALE","MALE","FEMALE","FEMALE","FEMALE","MALE","FEMALE"],"X_CALENDAR_YEAR":["2008","2008","2008","2008","2009","2009","2009","2009","2009","2009","2010","2010"],"Y_PREVALENCE_1000PP":[6.36943,8.84956,6.84932,100,6.21118,11.17318,11.11111,10.10101,6.99301,48.78049,11.23596,12.98701]},"PREVALENCE_BY_MONTH":{"X_CALENDAR_MONTH":["200801","200901"],"Y_PREVALENCE_1000PP":[1.02775,2.08768]},"LENGTH_OF_ERA":{"CATEGORY":"Length of era","MIN_VALUE":0,"P10_VALUE":0,"P25_VALUE":0,"MEDIAN_VALUE":0,"P75_VALUE":0,"P90_VALUE":5,"MAX_VALUE":26},"AGE_AT_FIRST_DIAGNOSIS":{"CATEGORY":["MALE","FEMALE"],"MIN_VALUE":[74,61],"P10_VALUE":[74,61],"P25_VALUE":[79,72],"MEDIAN_VALUE":[83,78],"P75_VALUE":[83,88],"P90_VALUE":[97,96],"MAX_VALUE":[97,96]}}
