{"PREVALENCE_BY_GENDER_AGE_YEAR":{"TRELLIS_NAME":["60-69","70-79","80-89","80-89","70-79"],"SERIES_NAME":["FEMALE","MALE","MALE","FEMALE","MALE"],"X_CALENDAR_YEAR":["2008","2008","2009","2010","2010"],"Y_PREVALENCE_1000PP":[8.84956,5.88235,11.11111,6.99301,10.86957]},"PREVALENCE_BY_MONTH":{"X_CALENDAR_MONTH":"200901","Y_PREVALENCE_1000PP":1.04384},"LENGTH_OF_ERA":{"CATEGORY":"Length of era","MIN_VALUE":0,"P10_VALUE":0,"P25_VALUE":0,"MEDIAN_VALUE":0,"P75_VALUE":0,"P90_VALUE":0,"MAX_VALUE":0},"AGE_AT_FIRST_DIAGNOSIS":{"CATEGORY":["FEMALE","MALE"],"MIN_VALUE":[65,74],"P10_VALUE":[65,74],"P25_VALUE":[65,74],"MEDIAN_VALUE":[65,78],"P75_VALUE":[89,79],"P90_VALUE":[89,80],"MAX_VALUE":[89,80]}}
