{"PREVALENCE_BY_GENDER_AGE_YEAR":{"TRELLIS_NAME":["50-59","80-89","60-69","30-39","80-89","80-89","70-79","90-99","70-79","70-79","90-99"],"SERIES_NAME":["MALE","MALE","MALE","FEMALE","FEMALE","MALE","FEMALE","MALE","MALE","MALE","MALE"],"X_CALENDAR_YEAR":["2008","2008","2008","2008","2009","2009","2009","2009","2009","2010","2010"],"Y_PREVALENCE_1000PP":[28.57143,12.04819,6.66667,125,6.99301,11.11111,6.21118,71.42857,16.75978,10.86957,45.45455]},"PREVALENCE_BY_MONTH":{"X_CALENDAR_MONTH":"200901","Y_PREVALENCE_1000PP":1.04384},"LENGTH_OF_ERA":{"CATEGORY":"Length of era","MIN_VALUE":0,"P10_VALUE":0,"P25_VALUE":0,"MEDIAN_VALUE":0,"P75_VALUE":0,"P90_VALUE":0,"MAX_VALUE":0},"AGE_AT_FIRST_DIAGNOSIS":{"CATEGORY":["FEMALE","MALE"],"MIN_VALUE":[39,50],"P10_VALUE":[39,65],"P25_VALUE":[39,70],"MEDIAN_VALUE":[71,78],"P75_VALUE":[80,88],"P90_VALUE":[80,90],"MAX_VALUE":[80,95]}}
