{"PREVALENCE_BY_GENDER_AGE_YEAR":{"TRELLIS_NAME":["60-69","70-79","60-69","70-79","20-29","70-79","40-49","80-89","60-69","90-99","60-69","90-99","50-59"],"SERIES_NAME":["FEMALE","MALE","MALE","MALE","MALE","FEMALE","MALE","FEMALE","MALE","FEMALE","FEMALE","FEMALE","FEMALE"],"X_CALENDAR_YEAR":["2008","2008","2008","2009","2009","2009","2009","2009","2009","2009","2009","2010","2010"],"Y_PREVALENCE_1000PP":[8.84956,5.88235,6.66667,11.17318,142.85714,6.21118,41.66667,6.99301,16.80672,24.39024,10.10101,19.23077,71.42857]},"PREVALENCE_BY_MONTH":{"X_CALENDAR_MONTH":[],"Y_PREVALENCE_1000PP":[]},"LENGTH_OF_ERA":{"CATEGORY":"Length of era","MIN_VALUE":0,"P10_VALUE":0,"P25_VALUE":0,"MEDIAN_VALUE":0,"P75_VALUE":0,"P90_VALUE":0,"MAX_VALUE":19},"AGE_AT_FIRST_DIAGNOSIS":{"CATEGORY":["MALE","FEMALE"],"MIN_VALUE":[29,59],"P10_VALUE":[29,59],"P25_VALUE":[41,68],"MEDIAN_VALUE":[69,69],"P75_VALUE":[72,89],"P90_VALUE":[76,90],"MAX_VALUE":[76,90]}}
