{"PREVALENCE_BY_GENDER_AGE_YEAR":{"TRELLIS_NAME":["80-89","70-79","70-79","60-69","40-49","80-89","60-69","80-89","70-79","70-79","70-79","50-59","90-99","80-89"],"SERIES_NAME":["FEMALE","MALE","FEMALE","MALE","MALE","MALE","FEMALE","MALE","MALE","FEMALE","FEMALE","FEMALE","FEMALE","FEMALE"],"X_CALENDAR_YEAR":["2008","2008","2008","2008","2008","2008","2009","2009","2009","2009","2010","2010","2010","2010"],"Y_PREVALENCE_1000PP":[6.84932,23.52941,19.10828,6.66667,41.66667,12.04819,10.10101,11.11111,16.75978,12.42236,6.49351,71.42857,38.46154,6.99301]},"PREVALENCE_BY_MONTH":{"X_CALENDAR_MONTH":"200901","Y_PREVALENCE_1000PP":1.04384},"LENGTH_OF_ERA":{"CATEGORY":"Length of era","MIN_VALUE":0,"P10_VALUE":0,"P25_VALUE":0,"MEDIAN_VALUE":0,"P75_VALUE":0,"P90_VALUE":0,"MAX_VALUE":1},"AGE_AT_FIRST_DIAGNOSIS":{"CATEGORY":["FEMALE","MALE"],"MIN_VALUE":[59,41],"P10_VALUE":[67,63],"P25_VALUE":[71,71],"MEDIAN_VALUE":[75,75],"P75_VALUE":[84,79],"P90_VALUE":[90,85],"MAX_VALUE":[94,86]}}
