{"PREVALENCE_BY_GENDER_AGE_YEAR":{"TRELLIS_NAME":["50-59","70-79"],"SERIES_NAME":["MALE","MALE"],"X_CALENDAR_YEAR":["2009","2010"],"Y_PREVALENCE_1000PP":[28.57143,5.43478]},"PREVALENCE_BY_MONTH":{"X_CALENDAR_MONTH":[],"Y_PREVALENCE_1000PP":[]},"LENGTH_OF_ERA":{"CATEGORY":"Length of era","MIN_VALUE":2,"P10_VALUE":2,"P25_VALUE":2,"MEDIAN_VALUE":2,"P75_VALUE":3,"P90_VALUE":3,"MAX_VALUE":3},"AGE_AT_FIRST_DIAGNOSIS":{"CATEGORY":"MALE","MIN_VALUE":51,"P10_VALUE":51,"P25_VALUE":51,"MEDIAN_VALUE":51,"P75_VALUE":73,"P90_VALUE":73,"MAX_VALUE":73}}
