{"PREVALENCE_BY_GENDER_AGE_YEAR":{"TRELLIS_NAME":["80-89","50-59","70-79","60-69","50-59","80-89","70-79","60-69","80-89","70-79","40-49","90-99","60-69","80-89","50-59","70-79","50-59","60-69","70-79","90-99","60-69","80-89","80-89"],"SERIES_NAME":["FEMALE","FEMALE","FEMALE","FEMALE","MALE","MALE","MALE","MALE","MALE","FEMALE","MALE","FEMALE","FEMALE","FEMALE","MALE","MALE","FEMALE","MALE","MALE","FEMALE","FEMALE","FEMALE","MALE"],"X_CALENDAR_YEAR":["2008","2008","2008","2008","2008","2008","2008","2008","2009","2009","2009","2009","2009","2009","2009","2009","2009","2009","2010","2010","2010","2010","2010"],"Y_PREVALENCE_1000PP":[6.84932,58.82353,25.47771,26.54867,57.14286,36.14458,23.52941,46.66667,22.22222,55.90062,83.33333,48.78049,30.30303,13.98601,28.57143,22.34637,71.42857,16.80672,10.86957,19.23077,24.39024,34.96503,22.47191]},"PREVALENCE_BY_MONTH":{"X_CALENDAR_MONTH":"200901","Y_PREVALENCE_1000PP":2.08768},"LENGTH_OF_ERA":{"CATEGORY":"Length of era","MIN_VALUE":0,"P10_VALUE":0,"P25_VALUE":0,"MEDIAN_VALUE":0,"P75_VALUE":0,"P90_VALUE":0,"MAX_VALUE":0},"AGE_AT_FIRST_DIAGNOSIS":{"CATEGORY":["MALE","FEMALE"],"MIN_VALUE":[41,50],"P10_VALUE":[57,61],"P25_VALUE":[67,68],"MEDIAN_VALUE":[72,76],"P75_VALUE":[78,82],"P90_VALUE":[83,87],"MAX_VALUE":[88,98]}}
