{"PREVALENCE_BY_GENDER_AGE_YEAR":{"TRELLIS_NAME":["80-89","60-69","70-79","90-99","20-29","40-49","60-69"],"SERIES_NAME":["FEMALE","MALE","FEMALE","FEMALE","MALE","MALE","MALE"],"X_CALENDAR_YEAR":["2008","2008","2009","2009","2009","2009","2010"],"Y_PREVALENCE_1000PP":[6.84932,6.66667,6.21118,24.39024,142.85714,41.66667,9.90099]},"PREVALENCE_BY_MONTH":{"X_CALENDAR_MONTH":"200901","Y_PREVALENCE_1000PP":1.04384},"LENGTH_OF_ERA":{"CATEGORY":"Length of era","MIN_VALUE":0,"P10_VALUE":0,"P25_VALUE":0,"MEDIAN_VALUE":0,"P75_VALUE":0,"P90_VALUE":0,"MAX_VALUE":0},"AGE_AT_FIRST_DIAGNOSIS":{"CATEGORY":["FEMALE","MALE"],"MIN_VALUE":[74,28],"P10_VALUE":[74,28],"P25_VALUE":[74,28],"MEDIAN_VALUE":[88,42],"P75_VALUE":[99,63],"P90_VALUE":[99,67],"MAX_VALUE":[99,67]}}
