{"PREVALENCE_BY_GENDER_AGE_YEAR":{"TRELLIS_NAME":["80-89","50-59","40-49","20-29","40-49","60-69","90-99"],"SERIES_NAME":["FEMALE","MALE","MALE","FEMALE","FEMALE","FEMALE","FEMALE"],"X_CALENDAR_YEAR":["2008","2008","2008","2009","2009","2009","2010"],"Y_PREVALENCE_1000PP":[6.84932,28.57143,41.66667,500,71.42857,10.10101,19.23077]},"PREVALENCE_BY_MONTH":{"X_CALENDAR_MONTH":[],"Y_PREVALENCE_1000PP":[]},"LENGTH_OF_ERA":{"CATEGORY":"Length of era","MIN_VALUE":0,"P10_VALUE":0,"P25_VALUE":0,"MEDIAN_VALUE":0,"P75_VALUE":0,"P90_VALUE":0,"MAX_VALUE":0},"AGE_AT_FIRST_DIAGNOSIS":{"CATEGORY":["FEMALE","MALE"],"MIN_VALUE":[29,43],"P10_VALUE":[29,43],"P25_VALUE":[47,43],"MEDIAN_VALUE":[68,43],"P75_VALUE":[88,52],"P90_VALUE":[92,52],"MAX_VALUE":[92,52]}}
