{"PREVALENCE_BY_GENDER_AGE_YEAR":{"TRELLIS_NAME":["40-49","60-69","70-79","60-69","70-79"],"SERIES_NAME":["FEMALE","FEMALE","MALE","MALE","MALE"],"X_CALENDAR_YEAR":["2008","2009","2009","2010","2010"],"Y_PREVALENCE_1000PP":[66.66667,10.10101,11.17318,9.90099,5.43478]},"PREVALENCE_BY_MONTH":{"X_CALENDAR_MONTH":"200801","Y_PREVALENCE_1000PP":1.02775},"LENGTH_OF_ERA":{"CATEGORY":"Length of era","MIN_VALUE":0,"P10_VALUE":0,"P25_VALUE":0,"MEDIAN_VALUE":0,"P75_VALUE":8,"P90_VALUE":11,"MAX_VALUE":11},"AGE_AT_FIRST_DIAGNOSIS":{"CATEGORY":["FEMALE","MALE"],"MIN_VALUE":[49,68],"P10_VALUE":[49,68],"P25_VALUE":[49,68],"MEDIAN_VALUE":[49,70],"P75_VALUE":[67,70],"P90_VALUE":[67,70],"MAX_VALUE":[67,70]}}
