{"PREVALENCE_BY_GENDER_AGE_YEAR":{"TRELLIS_NAME":["60-69","80-89","70-79","70-79","60-69","60-69","70-79","70-79","80-89","70-79","60-69","80-89"],"SERIES_NAME":["FEMALE","FEMALE","MALE","FEMALE","FEMALE","MALE","FEMALE","MALE","FEMALE","FEMALE","MALE","FEMALE"],"X_CALENDAR_YEAR":["2008","2008","2008","2008","2009","2009","2009","2009","2009","2010","2010","2010"],"Y_PREVALENCE_1000PP":[17.69912,20.54795,5.88235,19.10828,10.10101,8.40336,6.21118,11.17318,13.98601,6.49351,9.90099,6.99301]},"PREVALENCE_BY_MONTH":{"X_CALENDAR_MONTH":["200901","201001"],"Y_PREVALENCE_1000PP":[1.04384,2.15054]},"LENGTH_OF_ERA":{"CATEGORY":"Length of era","MIN_VALUE":0,"P10_VALUE":0,"P25_VALUE":0,"MEDIAN_VALUE":0,"P75_VALUE":0,"P90_VALUE":0,"MAX_VALUE":2},"AGE_AT_FIRST_DIAGNOSIS":{"CATEGORY":["MALE","FEMALE"],"MIN_VALUE":[66,65],"P10_VALUE":[66,66],"P25_VALUE":[67,70],"MEDIAN_VALUE":[74,74],"P75_VALUE":[77,81],"P90_VALUE":[79,87],"MAX_VALUE":[79,87]}}
