{"PREVALENCE_BY_GENDER_AGE_YEAR":{"TRELLIS_NAME":["80-89","70-79","70-79","70-79","70-79","80-89","60-69"],"SERIES_NAME":["MALE","MALE","FEMALE","FEMALE","MALE","MALE","FEMALE"],"X_CALENDAR_YEAR":["2008","2008","2008","2009","2009","2009","2010"],"Y_PREVALENCE_1000PP":[12.04819,5.88235,12.73885,6.21118,5.58659,22.22222,12.19512]},"PREVALENCE_BY_MONTH":{"X_CALENDAR_MONTH":["200801","200901"],"Y_PREVALENCE_1000PP":[1.02775,1.04384]},"LENGTH_OF_ERA":{"CATEGORY":"Length of era","MIN_VALUE":0,"P10_VALUE":0,"P25_VALUE":0,"MEDIAN_VALUE":0,"P75_VALUE":9,"P90_VALUE":9,"MAX_VALUE":19},"AGE_AT_FIRST_DIAGNOSIS":{"CATEGORY":["MALE","FEMALE"],"MIN_VALUE":[72,68],"P10_VALUE":[72,68],"P25_VALUE":[76,68],"MEDIAN_VALUE":[83,75],"P75_VALUE":[89,77],"P90_VALUE":[89,77],"MAX_VALUE":[89,77]}}
