{"PREVALENCE_BY_GENDER_AGE_YEAR":{"TRELLIS_NAME":["60-69","80-89","40-49","40-49","70-79","60-69","100-109"],"SERIES_NAME":["FEMALE","FEMALE","MALE","FEMALE","FEMALE","MALE","MALE"],"X_CALENDAR_YEAR":["2008","2008","2008","2009","2009","2009","2010"],"Y_PREVALENCE_1000PP":[8.84956,13.69863,41.66667,71.42857,12.42236,8.40336,500]},"PREVALENCE_BY_MONTH":{"X_CALENDAR_MONTH":[],"Y_PREVALENCE_1000PP":[]},"LENGTH_OF_ERA":{"CATEGORY":"Length of era","MIN_VALUE":0,"P10_VALUE":0,"P25_VALUE":0,"MEDIAN_VALUE":0,"P75_VALUE":0,"P90_VALUE":9,"MAX_VALUE":9},"AGE_AT_FIRST_DIAGNOSIS":{"CATEGORY":["MALE","FEMALE"],"MIN_VALUE":[48,46],"P10_VALUE":[48,46],"P25_VALUE":[48,68],"MEDIAN_VALUE":[64,74],"P75_VALUE":[101,80],"P90_VALUE":[101,84],"MAX_VALUE":[101,84]}}
