{"PREVALENCE_BY_GENDER_AGE_YEAR":{"TRELLIS_NAME":["70-79","60-69","20-29","70-79","70-79"],"SERIES_NAME":["MALE","MALE","MALE","FEMALE","MALE"],"X_CALENDAR_YEAR":["2008","2008","2008","2009","2010"],"Y_PREVALENCE_1000PP":[5.88235,6.66667,166.66667,12.42236,5.43478]},"PREVALENCE_BY_MONTH":{"X_CALENDAR_MONTH":[],"Y_PREVALENCE_1000PP":[]},"LENGTH_OF_ERA":{"CATEGORY":"Length of era","MIN_VALUE":0,"P10_VALUE":0,"P25_VALUE":0,"MEDIAN_VALUE":0,"P75_VALUE":0,"P90_VALUE":0,"MAX_VALUE":0},"AGE_AT_FIRST_DIAGNOSIS":{"CATEGORY":["FEMALE","MALE"],"MIN_VALUE":[74,27],"P10_VALUE":[74,27],"P25_VALUE":[74,27],"MEDIAN_VALUE":[74,65],"P75_VALUE":[79,71],"P90_VALUE":[79,72],"MAX_VALUE":[79,72]}}
