{"PREVALENCE_BY_GENDER_AGE_YEAR":{"TRELLIS_NAME":["60-69","80-89","70-79","60-69","80-89","70-79"],"SERIES_NAME":["MALE","FEMALE","FEMALE","FEMALE","FEMALE","MALE"],"X_CALENDAR_YEAR":["2008","2008","2009","2009","2009","2009"],"Y_PREVALENCE_1000PP":[6.66667,6.84932,6.21118,10.10101,6.99301,5.58659]},"PREVALENCE_BY_MONTH":{"X_CALENDAR_MONTH":"200901","Y_PREVALENCE_1000PP":1.04384},"LENGTH_OF_ERA":{"CATEGORY":"Length of era","MIN_VALUE":0,"P10_VALUE":0,"P25_VALUE":0,"MEDIAN_VALUE":0,"P75_VALUE":1,"P90_VALUE":9,"MAX_VALUE":9},"AGE_AT_FIRST_DIAGNOSIS":{"CATEGORY":["FEMALE","MALE"],"MIN_VALUE":[61,62],"P10_VALUE":[61,62],"P25_VALUE":[61,62],"MEDIAN_VALUE":[74,62],"P75_VALUE":[85,74],"P90_VALUE":[87,74],"MAX_VALUE":[87,74]}}
