{"PREVALENCE_BY_GENDER_AGE_YEAR":{"TRELLIS_NAME":["70-79","80-89","80-89","60-69","70-79","70-79","80-89","50-59","80-89","70-79"],"SERIES_NAME":["MALE","FEMALE","FEMALE","MALE","FEMALE","MALE","MALE","MALE","FEMALE","FEMALE"],"X_CALENDAR_YEAR":["2008","2008","2009","2009","2009","2009","2010","2010","2010","2010"],"Y_PREVALENCE_1000PP":[5.88235,6.84932,13.98601,8.40336,6.21118,5.58659,11.23596,31.25,6.99301,6.49351]},"PREVALENCE_BY_MONTH":{"X_CALENDAR_MONTH":"200901","Y_PREVALENCE_1000PP":1.04384},"LENGTH_OF_ERA":{"CATEGORY":"Length of era","MIN_VALUE":0,"P10_VALUE":0,"P25_VALUE":0,"MEDIAN_VALUE":0,"P75_VALUE":0,"P90_VALUE":0,"MAX_VALUE":2},"AGE_AT_FIRST_DIAGNOSIS":{"CATEGORY":["MALE","FEMALE"],"MIN_VALUE":[53,70],"P10_VALUE":[53,70],"P25_VALUE":[61,73],"MEDIAN_VALUE":[75,81],"P75_VALUE":[79,88],"P90_VALUE":[84,89],"MAX_VALUE":[84,89]}}
