{"PREVALENCE_BY_GENDER_AGE_YEAR":{"TRELLIS_NAME":["40-49","90-99","70-79","60-69","80-89","60-69","70-79","80-89","40-49","50-59","80-89","60-69","80-89","90-99","70-79","70-79","60-69","80-89","50-59","90-99","60-69","80-89","70-79","70-79","40-49"],"SERIES_NAME":["FEMALE","FEMALE","FEMALE","MALE","MALE","FEMALE","MALE","FEMALE","FEMALE","MALE","FEMALE","MALE","MALE","FEMALE","FEMALE","MALE","FEMALE","MALE","MALE","FEMALE","MALE","FEMALE","MALE","FEMALE","FEMALE"],"X_CALENDAR_YEAR":["2008","2008","2008","2008","2008","2008","2008","2008","2009","2009","2009","2009","2009","2009","2009","2009","2009","2010","2010","2010","2010","2010","2010","2010","2010"],"Y_PREVALENCE_1000PP":[133.33333,76.92308,57.32484,26.66667,48.19277,26.54867,41.17647,13.69863,71.42857,28.57143,27.97203,8.40336,33.33333,48.78049,49.68944,22.34637,60.60606,33.70787,62.5,38.46154,29.70297,34.96503,27.17391,32.46753,142.85714]},"PREVALENCE_BY_MONTH":{"X_CALENDAR_MONTH":["200801","200901","201001"],"Y_PREVALENCE_1000PP":[1.02775,1.04384,3.22581]},"LENGTH_OF_ERA":{"CATEGORY":"Length of era","MIN_VALUE":0,"P10_VALUE":0,"P25_VALUE":0,"MEDIAN_VALUE":0,"P75_VALUE":0,"P90_VALUE":0,"MAX_VALUE":18},"AGE_AT_FIRST_DIAGNOSIS":{"CATEGORY":["MALE","FEMALE"],"MIN_VALUE":[51,41],"P10_VALUE":[60,62],"P25_VALUE":[68,68],"MEDIAN_VALUE":[73,75],"P75_VALUE":[80,84],"P90_VALUE":[86,92],"MAX_VALUE":[89,99]}}
