{"PREVALENCE_BY_GENDER_AGE_YEAR":{"TRELLIS_NAME":["80-89","80-89","60-69"],"SERIES_NAME":["MALE","FEMALE","FEMALE"],"X_CALENDAR_YEAR":["2009","2009","2010"],"Y_PREVALENCE_1000PP":[11.11111,6.99301,12.19512]},"PREVALENCE_BY_MONTH":{"X_CALENDAR_MONTH":"201001","Y_PREVALENCE_1000PP":1.07527},"LENGTH_OF_ERA":{"CATEGORY":"Length of era","MIN_VALUE":0,"P10_VALUE":0,"P25_VALUE":0,"MEDIAN_VALUE":0,"P75_VALUE":0,"P90_VALUE":0,"MAX_VALUE":0},"AGE_AT_FIRST_DIAGNOSIS":{"CATEGORY":["FEMALE","MALE"],"MIN_VALUE":[64,82],"P10_VALUE":[64,82],"P25_VALUE":[64,82],"MEDIAN_VALUE":[64,82],"P75_VALUE":[86,82],"P90_VALUE":[86,82],"MAX_VALUE":[86,82]}}
