{"PREVALENCE_BY_GENDER_AGE_YEAR":{"TRELLIS_NAME":["80-89","80-89","70-79","70-79","60-69","70-79","70-79"],"SERIES_NAME":["MALE","FEMALE","FEMALE","MALE","FEMALE","FEMALE","MALE"],"X_CALENDAR_YEAR":["2008","2009","2009","2009","2009","2010","2010"],"Y_PREVALENCE_1000PP":[12.04819,6.99301,6.21118,5.58659,10.10101,6.49351,5.43478]},"PREVALENCE_BY_MONTH":{"X_CALENDAR_MONTH":"200901","Y_PREVALENCE_1000PP":1.04384},"LENGTH_OF_ERA":{"CATEGORY":"Length of era","MIN_VALUE":0,"P10_VALUE":0,"P25_VALUE":0,"MEDIAN_VALUE":0,"P75_VALUE":0,"P90_VALUE":2,"MAX_VALUE":2},"AGE_AT_FIRST_DIAGNOSIS":{"CATEGORY":["MALE","FEMALE"],"MIN_VALUE":[71,66],"P10_VALUE":[71,66],"P25_VALUE":[71,66],"MEDIAN_VALUE":[75,76],"P75_VALUE":[85,78],"P90_VALUE":[85,89],"MAX_VALUE":[85,89]}}
