{"PREVALENCE_BY_GENDER_AGE_YEAR":{"TRELLIS_NAME":["80-89","70-79"],"SERIES_NAME":["FEMALE","FEMALE"],"X_CALENDAR_YEAR":["2008","2008"],"Y_PREVALENCE_1000PP":[6.84932,6.36943]},"PREVALENCE_BY_MONTH":{"X_CALENDAR_MONTH":[],"Y_PREVALENCE_1000PP":[]},"LENGTH_OF_ERA":{"CATEGORY":"Length of era","MIN_VALUE":0,"P10_VALUE":0,"P25_VALUE":0,"MEDIAN_VALUE":0,"P75_VALUE":0,"P90_VALUE":0,"MAX_VALUE":0},"AGE_AT_FIRST_DIAGNOSIS":{"CATEGORY":"FEMALE","MIN_VALUE":77,"P10_VALUE":77,"P25_VALUE":77,"MEDIAN_VALUE":77,"P75_VALUE":83,"P90_VALUE":83,"MAX_VALUE":83}}
