{"PREVALENCE_BY_GENDER_AGE_YEAR":{"TRELLIS_NAME":["80-89","70-79","90-99","80-89","70-79","60-69","70-79","60-69"],"SERIES_NAME":["FEMALE","MALE","FEMALE","MALE","FEMALE","MALE","MALE","FEMALE"],"X_CALENDAR_YEAR":["2008","2008","2008","2008","2009","2009","2009","2010"],"Y_PREVALENCE_1000PP":[13.69863,5.88235,38.46154,12.04819,12.42236,8.40336,5.58659,12.19512]},"PREVALENCE_BY_MONTH":{"X_CALENDAR_MONTH":[],"Y_PREVALENCE_1000PP":[]},"LENGTH_OF_ERA":{"CATEGORY":"Length of era","MIN_VALUE":0,"P10_VALUE":0,"P25_VALUE":0,"MEDIAN_VALUE":0,"P75_VALUE":0,"P90_VALUE":6,"MAX_VALUE":9},"AGE_AT_FIRST_DIAGNOSIS":{"CATEGORY":["FEMALE","MALE"],"MIN_VALUE":[68,62],"P10_VALUE":[68,62],"P25_VALUE":[71,62],"MEDIAN_VALUE":[78,72],"P75_VALUE":[89,75],"P90_VALUE":[94,83],"MAX_VALUE":[94,83]}}
