{"PREVALENCE_BY_GENDER_AGE_YEAR":{"TRELLIS_NAME":["70-79","80-89","40-49","60-69","60-69"],"SERIES_NAME":["MALE","FEMALE","MALE","MALE","FEMALE"],"X_CALENDAR_YEAR":["2008","2009","2010","2010","2010"],"Y_PREVALENCE_1000PP":[5.88235,6.99301,50,9.90099,12.19512]},"PREVALENCE_BY_MONTH":{"X_CALENDAR_MONTH":[],"Y_PREVALENCE_1000PP":[]},"LENGTH_OF_ERA":{"CATEGORY":"Length of era","MIN_VALUE":0,"P10_VALUE":0,"P25_VALUE":0,"MEDIAN_VALUE":0,"P75_VALUE":0,"P90_VALUE":0,"MAX_VALUE":0},"AGE_AT_FIRST_DIAGNOSIS":{"CATEGORY":["FEMALE","MALE"],"MIN_VALUE":[61,42],"P10_VALUE":[61,42],"P25_VALUE":[61,42],"MEDIAN_VALUE":[61,61],"P75_VALUE":[80,73],"P90_VALUE":[80,73],"MAX_VALUE":[80,73]}}
