{"PREVALENCE_BY_GENDER_AGE_YEAR":{"TRELLIS_NAME":["80-89","60-69","80-89","80-89","60-69","60-69","80-89","90-99","50-59","70-79","40-49","70-79"],"SERIES_NAME":["FEMALE","MALE","MALE","FEMALE","FEMALE","MALE","MALE","MALE","MALE","MALE","MALE","FEMALE"],"X_CALENDAR_YEAR":["2008","2008","2008","2009","2009","2009","2009","2010","2010","2010","2010","2010"],"Y_PREVALENCE_1000PP":[13.69863,6.66667,12.04819,6.99301,20.20202,16.80672,11.11111,45.45455,31.25,5.43478,50,6.49351]},"PREVALENCE_BY_MONTH":{"X_CALENDAR_MONTH":"200901","Y_PREVALENCE_1000PP":1.04384},"LENGTH_OF_ERA":{"CATEGORY":"Length of era","MIN_VALUE":0,"P10_VALUE":0,"P25_VALUE":0,"MEDIAN_VALUE":0,"P75_VALUE":0,"P90_VALUE":0,"MAX_VALUE":0},"AGE_AT_FIRST_DIAGNOSIS":{"CATEGORY":["FEMALE","MALE"],"MIN_VALUE":[65,45],"P10_VALUE":[65,45],"P25_VALUE":[69,65],"MEDIAN_VALUE":[74,68],"P75_VALUE":[82,80],"P90_VALUE":[82,91],"MAX_VALUE":[82,91]}}
