{"PREVALENCE_BY_GENDER_AGE_YEAR":{"TRELLIS_NAME":["60-69","60-69","50-59","80-89","70-79","60-69","70-79","70-79","40-49"],"SERIES_NAME":["FEMALE","MALE","MALE","FEMALE","FEMALE","FEMALE","FEMALE","MALE","MALE"],"X_CALENDAR_YEAR":["2008","2008","2008","2008","2008","2009","2009","2010","2010"],"Y_PREVALENCE_1000PP":[8.84956,6.66667,28.57143,13.69863,6.36943,20.20202,12.42236,10.86957,50]},"PREVALENCE_BY_MONTH":{"X_CALENDAR_MONTH":[],"Y_PREVALENCE_1000PP":[]},"LENGTH_OF_ERA":{"CATEGORY":"Length of era","MIN_VALUE":0,"P10_VALUE":0,"P25_VALUE":0,"MEDIAN_VALUE":0,"P75_VALUE":0,"P90_VALUE":0,"MAX_VALUE":20},"AGE_AT_FIRST_DIAGNOSIS":{"CATEGORY":["FEMALE","MALE"],"MIN_VALUE":[66,43],"P10_VALUE":[66,43],"P25_VALUE":[68,56],"MEDIAN_VALUE":[71,65],"P75_VALUE":[79,72],"P90_VALUE":[85,79],"MAX_VALUE":[85,79]}}
