{"PREVALENCE_BY_GENDER_AGE_YEAR":{"TRELLIS_NAME":["70-79","80-89","40-49","30-39","70-79"],"SERIES_NAME":["MALE","MALE","MALE","FEMALE","MALE"],"X_CALENDAR_YEAR":["2008","2008","2008","2009","2009"],"Y_PREVALENCE_1000PP":[5.88235,12.04819,41.66667,125,11.17318]},"PREVALENCE_BY_MONTH":{"X_CALENDAR_MONTH":[],"Y_PREVALENCE_1000PP":[]},"LENGTH_OF_ERA":{"CATEGORY":"Length of era","MIN_VALUE":0,"P10_VALUE":0,"P25_VALUE":0,"MEDIAN_VALUE":0,"P75_VALUE":0,"P90_VALUE":0,"MAX_VALUE":0},"AGE_AT_FIRST_DIAGNOSIS":{"CATEGORY":["MALE","FEMALE"],"MIN_VALUE":[48,37],"P10_VALUE":[48,37],"P25_VALUE":[72,37],"MEDIAN_VALUE":[74,37],"P75_VALUE":[79,37],"P90_VALUE":[84,37],"MAX_VALUE":[84,37]}}
