{"PREVALENCE_BY_GENDER_AGE_YEAR":{"TRELLIS_NAME":["70-79","50-59","70-79","80-89"],"SERIES_NAME":["FEMALE","MALE","MALE","MALE"],"X_CALENDAR_YEAR":["2008","2008","2008","2009"],"Y_PREVALENCE_1000PP":[6.36943,28.57143,11.76471,11.11111]},"PREVALENCE_BY_MONTH":{"X_CALENDAR_MONTH":[],"Y_PREVALENCE_1000PP":[]},"LENGTH_OF_ERA":{"CATEGORY":"Length of era","MIN_VALUE":0,"P10_VALUE":0,"P25_VALUE":0,"MEDIAN_VALUE":0,"P75_VALUE":0,"P90_VALUE":0,"MAX_VALUE":0},"AGE_AT_FIRST_DIAGNOSIS":{"CATEGORY":["MALE","FEMALE"],"MIN_VALUE":[56,77],"P10_VALUE":[56,77],"P25_VALUE":[56,77],"MEDIAN_VALUE":[74,77],"P75_VALUE":[75,77],"P90_VALUE":[80,77],"MAX_VALUE":[80,77]}}
