{"PREVALENCE_BY_GENDER_AGE_YEAR":{"TRELLIS_NAME":["60-69","60-69","80-89","80-89","70-79","90-99","50-59","40-49","70-79","40-49","80-89","50-59","60-69","80-89","70-79","70-79","60-69","70-79","70-79","80-89","80-89"],"SERIES_NAME":["FEMALE","MALE","FEMALE","MALE","FEMALE","MALE","FEMALE","FEMALE","MALE","MALE","FEMALE","MALE","FEMALE","MALE","FEMALE","MALE","FEMALE","FEMALE","MALE","MALE","FEMALE"],"X_CALENDAR_YEAR":["2008","2008","2008","2008","2008","2008","2008","2008","2008","2009","2009","2009","2009","2009","2009","2009","2010","2010","2010","2010","2010"],"Y_PREVALENCE_1000PP":[8.84956,6.66667,20.54795,48.19277,25.47771,100,58.82353,66.66667,11.76471,83.33333,13.98601,57.14286,20.20202,33.33333,18.63354,11.17318,12.19512,6.49351,10.86957,22.47191,20.97902]},"PREVALENCE_BY_MONTH":{"X_CALENDAR_MONTH":["200801","200901"],"Y_PREVALENCE_1000PP":[1.02775,2.08768]},"LENGTH_OF_ERA":{"CATEGORY":"Length of era","MIN_VALUE":0,"P10_VALUE":0,"P25_VALUE":0,"MEDIAN_VALUE":0,"P75_VALUE":0,"P90_VALUE":0,"MAX_VALUE":0},"AGE_AT_FIRST_DIAGNOSIS":{"CATEGORY":["FEMALE","MALE"],"MIN_VALUE":[46,44],"P10_VALUE":[55,57],"P25_VALUE":[67,70],"MEDIAN_VALUE":[77,79],"P75_VALUE":[80,84],"P90_VALUE":[84,87],"MAX_VALUE":[88,94]}}
