{"PREVALENCE_BY_GENDER_AGE_YEAR":{"TRELLIS_NAME":["80-89","20-29","60-69","70-79","70-79","80-89"],"SERIES_NAME":["MALE","FEMALE","FEMALE","FEMALE","MALE","FEMALE"],"X_CALENDAR_YEAR":["2008","2008","2008","2009","2009","2010"],"Y_PREVALENCE_1000PP":[12.04819,333.33333,8.84956,18.63354,5.58659,6.99301]},"PREVALENCE_BY_MONTH":{"X_CALENDAR_MONTH":["200801","200901"],"Y_PREVALENCE_1000PP":[1.02775,2.08768]},"LENGTH_OF_ERA":{"CATEGORY":"Length of era","MIN_VALUE":0,"P10_VALUE":0,"P25_VALUE":0,"MEDIAN_VALUE":0,"P75_VALUE":0,"P90_VALUE":9,"MAX_VALUE":9},"AGE_AT_FIRST_DIAGNOSIS":{"CATEGORY":["MALE","FEMALE"],"MIN_VALUE":[78,28],"P10_VALUE":[78,28],"P25_VALUE":[78,66],"MEDIAN_VALUE":[78,70],"P75_VALUE":[86,77],"P90_VALUE":[86,89],"MAX_VALUE":[86,89]}}
