{"PREVALENCE_BY_GENDER_AGE_YEAR":{"TRELLIS_NAME":["80-89","70-79","80-89","60-69","60-69","80-89","60-69","80-89"],"SERIES_NAME":["FEMALE","MALE","MALE","FEMALE","FEMALE","FEMALE","MALE","MALE"],"X_CALENDAR_YEAR":["2008","2008","2008","2008","2009","2009","2009","2009"],"Y_PREVALENCE_1000PP":[6.84932,5.88235,12.04819,8.84956,10.10101,6.99301,8.40336,11.11111]},"PREVALENCE_BY_MONTH":{"X_CALENDAR_MONTH":[],"Y_PREVALENCE_1000PP":[]},"LENGTH_OF_ERA":{"CATEGORY":"Length of era","MIN_VALUE":0,"P10_VALUE":0,"P25_VALUE":0,"MEDIAN_VALUE":0,"P75_VALUE":0,"P90_VALUE":0,"MAX_VALUE":0},"AGE_AT_FIRST_DIAGNOSIS":{"CATEGORY":["FEMALE","MALE"],"MIN_VALUE":[64,69],"P10_VALUE":[64,69],"P25_VALUE":[64,69],"MEDIAN_VALUE":[68,71],"P75_VALUE":[84,80],"P90_VALUE":[89,86],"MAX_VALUE":[89,86]}}
