{"PREVALENCE_BY_GENDER_AGE_YEAR":{"TRELLIS_NAME":["80-89","60-69","60-69","80-89","90-99","30-39","70-79","40-49","70-79","70-79","80-89","60-69","80-89","70-79","60-69","80-89","80-89","60-69","70-79","50-59","90-99","70-79"],"SERIES_NAME":["FEMALE","MALE","FEMALE","MALE","MALE","FEMALE","MALE","FEMALE","FEMALE","FEMALE","MALE","MALE","FEMALE","MALE","FEMALE","MALE","FEMALE","FEMALE","FEMALE","FEMALE","MALE","MALE"],"X_CALENDAR_YEAR":["2008","2008","2008","2008","2008","2008","2008","2008","2008","2009","2009","2009","2009","2009","2009","2010","2010","2010","2010","2010","2010","2010"],"Y_PREVALENCE_1000PP":[20.54795,26.66667,26.54867,24.09639,100,125,17.64706,66.66667,6.36943,18.63354,33.33333,8.40336,13.98601,11.17318,10.10101,22.47191,20.97902,12.19512,6.49351,71.42857,45.45455,5.43478]},"PREVALENCE_BY_MONTH":{"X_CALENDAR_MONTH":["200901","201001"],"Y_PREVALENCE_1000PP":[1.04384,1.07527]},"LENGTH_OF_ERA":{"CATEGORY":"Length of era","MIN_VALUE":0,"P10_VALUE":0,"P25_VALUE":0,"MEDIAN_VALUE":0,"P75_VALUE":0,"P90_VALUE":0,"MAX_VALUE":9},"AGE_AT_FIRST_DIAGNOSIS":{"CATEGORY":["FEMALE","MALE"],"MIN_VALUE":[39,65],"P10_VALUE":[40,66],"P25_VALUE":[67,68],"MEDIAN_VALUE":[71,77],"P75_VALUE":[82,81],"P90_VALUE":[88,84],"MAX_VALUE":[88,99]}}
