{"PREVALENCE_BY_GENDER_AGE_YEAR":{"TRELLIS_NAME":["30-39","80-89"],"SERIES_NAME":["MALE","FEMALE"],"X_CALENDAR_YEAR":["2008","2010"],"Y_PREVALENCE_1000PP":[100,6.99301]},"PREVALENCE_BY_MONTH":{"X_CALENDAR_MONTH":[],"Y_PREVALENCE_1000PP":[]},"LENGTH_OF_ERA":{"CATEGORY":"Length of era","MIN_VALUE":0,"P10_VALUE":0,"P25_VALUE":0,"MEDIAN_VALUE":0,"P75_VALUE":0,"P90_VALUE":0,"MAX_VALUE":0},"AGE_AT_FIRST_DIAGNOSIS":{"CATEGORY":["FEMALE","MALE"],"MIN_VALUE":[82,30],"P10_VALUE":[82,30],"P25_VALUE":[82,30],"MEDIAN_VALUE":[82,30],"P75_VALUE":[82,30],"P90_VALUE":[82,30],"MAX_VALUE":[82,30]}}
