{"PREVALENCE_BY_GENDER_AGE_YEAR":{"TRELLIS_NAME":["80-89","70-79","60-69","50-59","20-29","70-79","40-49"],"SERIES_NAME":["FEMALE","MALE","MALE","FEMALE","MALE","FEMALE","MALE"],"X_CALENDAR_YEAR":["2008","2008","2008","2009","2009","2009","2009"],"Y_PREVALENCE_1000PP":[6.84932,5.88235,6.66667,71.42857,142.85714,6.21118,41.66667]},"PREVALENCE_BY_MONTH":{"X_CALENDAR_MONTH":"200801","Y_PREVALENCE_1000PP":1.02775},"LENGTH_OF_ERA":{"CATEGORY":"Length of era","MIN_VALUE":0,"P10_VALUE":0,"P25_VALUE":0,"MEDIAN_VALUE":0,"P75_VALUE":0,"P90_VALUE":0,"MAX_VALUE":0},"AGE_AT_FIRST_DIAGNOSIS":{"CATEGORY":["FEMALE","MALE"],"MIN_VALUE":[59,28],"P10_VALUE":[59,28],"P25_VALUE":[59,28],"MEDIAN_VALUE":[74,42],"P75_VALUE":[81,65],"P90_VALUE":[81,75],"MAX_VALUE":[81,75]}}
