{"PREVALENCE_BY_GENDER_AGE_YEAR":{"TRELLIS_NAME":["80-89","60-69","90-99"],"SERIES_NAME":["MALE","FEMALE","MALE"],"X_CALENDAR_YEAR":["2010","2010","2010"],"Y_PREVALENCE_1000PP":[11.23596,12.19512,45.45455]},"PREVALENCE_BY_MONTH":{"X_CALENDAR_MONTH":[],"Y_PREVALENCE_1000PP":[]},"LENGTH_OF_ERA":{"CATEGORY":"Length of era","MIN_VALUE":0,"P10_VALUE":0,"P25_VALUE":0,"MEDIAN_VALUE":0,"P75_VALUE":0,"P90_VALUE":0,"MAX_VALUE":0},"AGE_AT_FIRST_DIAGNOSIS":{"CATEGORY":["FEMALE","MALE"],"MIN_VALUE":[68,88],"P10_VALUE":[68,88],"P25_VALUE":[68,88],"MEDIAN_VALUE":[68,88],"P75_VALUE":[68,90],"P90_VALUE":[68,90],"MAX_VALUE":[68,90]}}
