{"PREVALENCE_BY_GENDER_AGE_YEAR":{"TRELLIS_NAME":["40-49","40-49","80-89","40-49","40-49"],"SERIES_NAME":["FEMALE","MALE","FEMALE","FEMALE","MALE"],"X_CALENDAR_YEAR":["2009","2009","2009","2010","2010"],"Y_PREVALENCE_1000PP":[71.42857,41.66667,6.99301,71.42857,50]},"PREVALENCE_BY_MONTH":{"X_CALENDAR_MONTH":"200901","Y_PREVALENCE_1000PP":1.04384},"LENGTH_OF_ERA":{"CATEGORY":"Length of era","MIN_VALUE":0,"P10_VALUE":0,"P25_VALUE":0,"MEDIAN_VALUE":0,"P75_VALUE":0,"P90_VALUE":0,"MAX_VALUE":0},"AGE_AT_FIRST_DIAGNOSIS":{"CATEGORY":["MALE","FEMALE"],"MIN_VALUE":[48,40],"P10_VALUE":[48,40],"P25_VALUE":[48,40],"MEDIAN_VALUE":[48,49],"P75_VALUE":[48,84],"P90_VALUE":[48,84],"MAX_VALUE":[48,84]}}
