{"PREVALENCE_BY_GENDER_AGE_YEAR":{"TRELLIS_NAME":["70-79","70-79","70-79","80-89","60-69","70-79"],"SERIES_NAME":["MALE","MALE","FEMALE","MALE","MALE","FEMALE"],"X_CALENDAR_YEAR":["2008","2009","2009","2010","2010","2010"],"Y_PREVALENCE_1000PP":[5.88235,5.58659,6.21118,11.23596,9.90099,6.49351]},"PREVALENCE_BY_MONTH":{"X_CALENDAR_MONTH":["200901","201001"],"Y_PREVALENCE_1000PP":[1.04384,1.07527]},"LENGTH_OF_ERA":{"CATEGORY":"Length of era","MIN_VALUE":0,"P10_VALUE":0,"P25_VALUE":0,"MEDIAN_VALUE":0,"P75_VALUE":0,"P90_VALUE":1,"MAX_VALUE":1},"AGE_AT_FIRST_DIAGNOSIS":{"CATEGORY":["FEMALE","MALE"],"MIN_VALUE":[73,66],"P10_VALUE":[73,66],"P25_VALUE":[73,66],"MEDIAN_VALUE":[73,70],"P75_VALUE":[74,73],"P90_VALUE":[74,80],"MAX_VALUE":[74,80]}}
