{"PREVALENCE_BY_GENDER_AGE_YEAR":{"TRELLIS_NAME":["60-69","70-79","80-89","80-89","70-79","90-99","70-79","60-69","80-89","50-59","70-79","70-79"],"SERIES_NAME":["MALE","FEMALE","MALE","FEMALE","MALE","FEMALE","MALE","FEMALE","FEMALE","MALE","FEMALE","MALE"],"X_CALENDAR_YEAR":["2008","2008","2008","2008","2008","2008","2009","2009","2010","2010","2010","2010"],"Y_PREVALENCE_1000PP":[6.66667,6.36943,12.04819,6.84932,17.64706,38.46154,16.75978,10.10101,6.99301,31.25,6.49351,10.86957]},"PREVALENCE_BY_MONTH":{"X_CALENDAR_MONTH":[],"Y_PREVALENCE_1000PP":[]},"LENGTH_OF_ERA":{"CATEGORY":"Length of era","MIN_VALUE":0,"P10_VALUE":0,"P25_VALUE":0,"MEDIAN_VALUE":0,"P75_VALUE":0,"P90_VALUE":0,"MAX_VALUE":1},"AGE_AT_FIRST_DIAGNOSIS":{"CATEGORY":["MALE","FEMALE"],"MIN_VALUE":[52,63],"P10_VALUE":[52,63],"P25_VALUE":[71,72],"MEDIAN_VALUE":[74,79],"P75_VALUE":[78,88],"P90_VALUE":[78,96],"MAX_VALUE":[88,96]}}
