{"PREVALENCE_BY_GENDER_AGE_YEAR":{"TRELLIS_NAME":["60-69","60-69","30-39","50-59","80-89","80-89","70-79","40-49","70-79","90-99","70-79","50-59","90-99","80-89","70-79","60-69","80-89","40-49","70-79","40-49","90-99","30-39","40-49","80-89"],"SERIES_NAME":["FEMALE","MALE","MALE","MALE","MALE","FEMALE","MALE","MALE","FEMALE","MALE","FEMALE","MALE","MALE","MALE","MALE","FEMALE","FEMALE","FEMALE","FEMALE","MALE","FEMALE","FEMALE","FEMALE","FEMALE"],"X_CALENDAR_YEAR":["2008","2008","2008","2008","2008","2008","2008","2008","2008","2008","2009","2009","2009","2009","2009","2009","2009","2009","2010","2010","2010","2010","2010","2010"],"Y_PREVALENCE_1000PP":[8.84956,13.33333,100,28.57143,24.09639,20.54795,5.88235,41.66667,19.10828,100,12.42236,28.57143,71.42857,33.33333,11.17318,10.10101,13.98601,71.42857,12.98701,50,19.23077,142.85714,142.85714,20.97902]},"PREVALENCE_BY_MONTH":{"X_CALENDAR_MONTH":["200901","201001"],"Y_PREVALENCE_1000PP":[1.04384,1.07527]},"LENGTH_OF_ERA":{"CATEGORY":"Length of era","MIN_VALUE":0,"P10_VALUE":0,"P25_VALUE":0,"MEDIAN_VALUE":0,"P75_VALUE":0,"P90_VALUE":0,"MAX_VALUE":30},"AGE_AT_FIRST_DIAGNOSIS":{"CATEGORY":["MALE","FEMALE"],"MIN_VALUE":[34,38],"P10_VALUE":[40,43],"P25_VALUE":[59,68],"MEDIAN_VALUE":[74,77],"P75_VALUE":[86,84],"P90_VALUE":[97,89],"MAX_VALUE":[98,90]}}
