{"PREVALENCE_BY_GENDER_AGE_YEAR":{"TRELLIS_NAME":["30-39","80-89","70-79","70-79"],"SERIES_NAME":["MALE","FEMALE","MALE","FEMALE"],"X_CALENDAR_YEAR":["2008","2009","2009","2010"],"Y_PREVALENCE_1000PP":[100,6.99301,5.58659,6.49351]},"PREVALENCE_BY_MONTH":{"X_CALENDAR_MONTH":[],"Y_PREVALENCE_1000PP":[]},"LENGTH_OF_ERA":{"CATEGORY":"Length of era","MIN_VALUE":0,"P10_VALUE":0,"P25_VALUE":0,"MEDIAN_VALUE":0,"P75_VALUE":0,"P90_VALUE":0,"MAX_VALUE":0},"AGE_AT_FIRST_DIAGNOSIS":{"CATEGORY":["MALE","FEMALE"],"MIN_VALUE":[34,79],"P10_VALUE":[34,79],"P25_VALUE":[34,79],"MEDIAN_VALUE":[34,79],"P75_VALUE":[75,82],"P90_VALUE":[75,82],"MAX_VALUE":[75,82]}}
