{"PREVALENCE_BY_GENDER_AGE_YEAR":{"TRELLIS_NAME":"80-89","SERIES_NAME":"FEMALE","X_CALENDAR_YEAR":"2010","Y_PREVALENCE_1000PP":6.99301},"PREVALENCE_BY_MONTH":{"X_CALENDAR_MONTH":"201001","Y_PREVALENCE_1000PP":1.07527},"LENGTH_OF_ERA":{"CATEGORY":"Length of era","MIN_VALUE":0,"P10_VALUE":0,"P25_VALUE":0,"MEDIAN_VALUE":0,"P75_VALUE":0,"P90_VALUE":0,"MAX_VALUE":0},"AGE_AT_FIRST_DIAGNOSIS":{"CATEGORY":"FEMALE","MIN_VALUE":83,"P10_VALUE":83,"P25_VALUE":83,"MEDIAN_VALUE":83,"P75_VALUE":83,"P90_VALUE":83,"MAX_VALUE":83}}
