{"PREVALENCE_BY_GENDER_AGE_YEAR":{"TRELLIS_NAME":["30-39","80-89","60-69","70-79","80-89","70-79","60-69","80-89","70-79","70-79","80-89","60-69","60-69","40-49","60-69","40-49","70-79","40-49","80-89","70-79","90-99","80-89"],"SERIES_NAME":["MALE","FEMALE","FEMALE","FEMALE","MALE","MALE","MALE","MALE","FEMALE","MALE","FEMALE","MALE","FEMALE","FEMALE","FEMALE","FEMALE","FEMALE","MALE","FEMALE","MALE","FEMALE","MALE"],"X_CALENDAR_YEAR":["2008","2008","2008","2008","2008","2008","2008","2009","2009","2009","2009","2009","2009","2009","2010","2010","2010","2010","2010","2010","2010","2010"],"Y_PREVALENCE_1000PP":[100,13.69863,26.54867,31.84713,24.09639,29.41176,13.33333,77.77778,24.84472,22.34637,27.97203,25.21008,30.30303,71.42857,24.39024,142.85714,12.98701,50,6.99301,10.86957,38.46154,44.94382]},"PREVALENCE_BY_MONTH":{"X_CALENDAR_MONTH":["200801","200901","201001"],"Y_PREVALENCE_1000PP":[2.0555,4.17537,2.15054]},"LENGTH_OF_ERA":{"CATEGORY":"Length of era","MIN_VALUE":0,"P10_VALUE":0,"P25_VALUE":0,"MEDIAN_VALUE":0,"P75_VALUE":0,"P90_VALUE":0,"MAX_VALUE":25},"AGE_AT_FIRST_DIAGNOSIS":{"CATEGORY":["FEMALE","MALE"],"MIN_VALUE":[40,34],"P10_VALUE":[48,61],"P25_VALUE":[68,70],"MEDIAN_VALUE":[74,76],"P75_VALUE":[80,82],"P90_VALUE":[86,85],"MAX_VALUE":[99,88]}}
