{"PREVALENCE_BY_GENDER_AGE_YEAR":{"TRELLIS_NAME":["70-79","70-79","60-69","70-79"],"SERIES_NAME":["MALE","FEMALE","MALE","MALE"],"X_CALENDAR_YEAR":["2008","2008","2009","2009"],"Y_PREVALENCE_1000PP":[5.88235,12.73885,8.40336,5.58659]},"PREVALENCE_BY_MONTH":{"X_CALENDAR_MONTH":["200801","200901"],"Y_PREVALENCE_1000PP":[1.02775,1.04384]},"LENGTH_OF_ERA":{"CATEGORY":"Length of era","MIN_VALUE":0,"P10_VALUE":0,"P25_VALUE":0,"MEDIAN_VALUE":0,"P75_VALUE":0,"P90_VALUE":11,"MAX_VALUE":11},"AGE_AT_FIRST_DIAGNOSIS":{"CATEGORY":["FEMALE","MALE"],"MIN_VALUE":[73,62],"P10_VALUE":[73,62],"P25_VALUE":[73,62],"MEDIAN_VALUE":[73,73],"P75_VALUE":[75,75],"P90_VALUE":[75,75],"MAX_VALUE":[75,75]}}
