{"PREVALENCE_BY_GENDER_AGE_YEAR":{"TRELLIS_NAME":["80-89","60-69","90-99","70-79","70-79","80-89","40-49","50-59","70-79","60-69","70-79"],"SERIES_NAME":["FEMALE","FEMALE","FEMALE","MALE","FEMALE","MALE","MALE","MALE","MALE","MALE","FEMALE"],"X_CALENDAR_YEAR":["2008","2008","2008","2008","2008","2009","2010","2010","2010","2010","2010"],"Y_PREVALENCE_1000PP":[6.84932,8.84956,38.46154,5.88235,19.10828,11.11111,50,31.25,16.30435,19.80198,6.49351]},"PREVALENCE_BY_MONTH":{"X_CALENDAR_MONTH":["200801","201001"],"Y_PREVALENCE_1000PP":[1.02775,1.07527]},"LENGTH_OF_ERA":{"CATEGORY":"Length of era","MIN_VALUE":0,"P10_VALUE":0,"P25_VALUE":0,"MEDIAN_VALUE":0,"P75_VALUE":0,"P90_VALUE":0,"MAX_VALUE":0},"AGE_AT_FIRST_DIAGNOSIS":{"CATEGORY":["FEMALE","MALE"],"MIN_VALUE":[69,47],"P10_VALUE":[69,47],"P25_VALUE":[70,68],"MEDIAN_VALUE":[75,71],"P75_VALUE":[89,75],"P90_VALUE":[92,83],"MAX_VALUE":[92,83]}}
