{"PREVALENCE_BY_GENDER_AGE_YEAR":{"TRELLIS_NAME":["80-89","70-79","70-79","90-99","60-69"],"SERIES_NAME":["FEMALE","FEMALE","MALE","FEMALE","FEMALE"],"X_CALENDAR_YEAR":["2008","2008","2009","2009","2010"],"Y_PREVALENCE_1000PP":[6.84932,6.36943,5.58659,24.39024,12.19512]},"PREVALENCE_BY_MONTH":{"X_CALENDAR_MONTH":[],"Y_PREVALENCE_1000PP":[]},"LENGTH_OF_ERA":{"CATEGORY":"Length of era","MIN_VALUE":0,"P10_VALUE":0,"P25_VALUE":0,"MEDIAN_VALUE":0,"P75_VALUE":0,"P90_VALUE":9,"MAX_VALUE":9},"AGE_AT_FIRST_DIAGNOSIS":{"CATEGORY":["FEMALE","MALE"],"MIN_VALUE":[67,79],"P10_VALUE":[67,79],"P25_VALUE":[67,79],"MEDIAN_VALUE":[73,79],"P75_VALUE":[89,79],"P90_VALUE":[90,79],"MAX_VALUE":[90,79]}}
