{"PREVALENCE_BY_GENDER_AGE_YEAR":{"TRELLIS_NAME":["70-79","90-99","70-79","20-29","90-99"],"SERIES_NAME":["MALE","FEMALE","FEMALE","MALE","MALE"],"X_CALENDAR_YEAR":["2009","2009","2010","2010","2010"],"Y_PREVALENCE_1000PP":[5.58659,24.39024,6.49351,200,45.45455]},"PREVALENCE_BY_MONTH":{"X_CALENDAR_MONTH":["200901","201001"],"Y_PREVALENCE_1000PP":[1.04384,1.07527]},"LENGTH_OF_ERA":{"CATEGORY":"Length of era","MIN_VALUE":0,"P10_VALUE":0,"P25_VALUE":0,"MEDIAN_VALUE":0,"P75_VALUE":0,"P90_VALUE":0,"MAX_VALUE":0},"AGE_AT_FIRST_DIAGNOSIS":{"CATEGORY":["FEMALE","MALE"],"MIN_VALUE":[77,29],"P10_VALUE":[77,29],"P25_VALUE":[77,29],"MEDIAN_VALUE":[77,75],"P75_VALUE":[90,91],"P90_VALUE":[90,91],"MAX_VALUE":[90,91]}}
