{"PREVALENCE_BY_GENDER_AGE_YEAR":{"TRELLIS_NAME":["60-69","80-89","70-79","60-69","50-59","70-79","50-59","60-69","70-79","40-49","80-89","80-89"],"SERIES_NAME":["FEMALE","FEMALE","MALE","MALE","MALE","MALE","FEMALE","MALE","FEMALE","MALE","MALE","FEMALE"],"X_CALENDAR_YEAR":["2008","2008","2008","2008","2008","2009","2010","2010","2010","2010","2010","2010"],"Y_PREVALENCE_1000PP":[8.84956,6.84932,5.88235,6.66667,28.57143,16.75978,71.42857,9.90099,12.98701,50,22.47191,6.99301]},"PREVALENCE_BY_MONTH":{"X_CALENDAR_MONTH":"200801","Y_PREVALENCE_1000PP":1.02775},"LENGTH_OF_ERA":{"CATEGORY":"Length of era","MIN_VALUE":0,"P10_VALUE":0,"P25_VALUE":0,"MEDIAN_VALUE":0,"P75_VALUE":0,"P90_VALUE":7,"MAX_VALUE":15},"AGE_AT_FIRST_DIAGNOSIS":{"CATEGORY":["MALE","FEMALE"],"MIN_VALUE":[47,53],"P10_VALUE":[47,53],"P25_VALUE":[65,61],"MEDIAN_VALUE":[70,71],"P75_VALUE":[77,81],"P90_VALUE":[81,87],"MAX_VALUE":[83,87]}}
