{"PREVALENCE_BY_GENDER_AGE_YEAR":{"TRELLIS_NAME":["90-99","60-69","60-69","60-69"],"SERIES_NAME":["MALE","MALE","FEMALE","MALE"],"X_CALENDAR_YEAR":["2008","2008","2010","2010"],"Y_PREVALENCE_1000PP":[100,6.66667,12.19512,9.90099]},"PREVALENCE_BY_MONTH":{"X_CALENDAR_MONTH":[],"Y_PREVALENCE_1000PP":[]},"LENGTH_OF_ERA":{"CATEGORY":"Length of era","MIN_VALUE":0,"P10_VALUE":0,"P25_VALUE":0,"MEDIAN_VALUE":0,"P75_VALUE":0,"P90_VALUE":0,"MAX_VALUE":0},"AGE_AT_FIRST_DIAGNOSIS":{"CATEGORY":["FEMALE","MALE"],"MIN_VALUE":[68,60],"P10_VALUE":[68,60],"P25_VALUE":[68,60],"MEDIAN_VALUE":[68,68],"P75_VALUE":[68,97],"P90_VALUE":[68,97],"MAX_VALUE":[68,97]}}
