{"PREVALENCE_BY_GENDER_AGE_YEAR":{"TRELLIS_NAME":["60-69","60-69","70-79","90-99","40-49","80-89","30-39","60-69","70-79","70-79","80-89","50-59","90-99","70-79","90-99","60-69","40-49","80-89","60-69","30-39","70-79"],"SERIES_NAME":["FEMALE","MALE","FEMALE","MALE","FEMALE","FEMALE","FEMALE","FEMALE","FEMALE","MALE","FEMALE","FEMALE","FEMALE","MALE","MALE","FEMALE","MALE","MALE","MALE","FEMALE","FEMALE"],"X_CALENDAR_YEAR":["2008","2008","2008","2008","2008","2009","2009","2009","2009","2009","2010","2010","2010","2010","2010","2010","2010","2010","2010","2010","2010"],"Y_PREVALENCE_1000PP":[17.69912,6.66667,6.36943,100,66.66667,6.99301,125,20.20202,12.42236,5.58659,13.98601,71.42857,19.23077,16.30435,45.45455,12.19512,50,11.23596,9.90099,142.85714,19.48052]},"PREVALENCE_BY_MONTH":{"X_CALENDAR_MONTH":"201001","Y_PREVALENCE_1000PP":2.15054},"LENGTH_OF_ERA":{"CATEGORY":"Length of era","MIN_VALUE":0,"P10_VALUE":0,"P25_VALUE":0,"MEDIAN_VALUE":0,"P75_VALUE":0,"P90_VALUE":0,"MAX_VALUE":0},"AGE_AT_FIRST_DIAGNOSIS":{"CATEGORY":["FEMALE","MALE"],"MIN_VALUE":[30,43],"P10_VALUE":[37,43],"P25_VALUE":[61,69],"MEDIAN_VALUE":[70,75],"P75_VALUE":[77,88],"P90_VALUE":[85,90],"MAX_VALUE":[90,97]}}
