{"PREVALENCE_BY_GENDER_AGE_YEAR":{"TRELLIS_NAME":["70-79","70-79","80-89","60-69","80-89","60-69","50-59","70-79","60-69","60-69","60-69","80-89","70-79"],"SERIES_NAME":["FEMALE","MALE","MALE","FEMALE","FEMALE","FEMALE","MALE","FEMALE","MALE","FEMALE","MALE","FEMALE","MALE"],"X_CALENDAR_YEAR":["2008","2008","2008","2008","2008","2009","2009","2009","2009","2010","2010","2010","2010"],"Y_PREVALENCE_1000PP":[6.36943,29.41176,12.04819,8.84956,13.69863,10.10101,28.57143,6.21118,8.40336,12.19512,9.90099,6.99301,5.43478]},"PREVALENCE_BY_MONTH":{"X_CALENDAR_MONTH":"200801","Y_PREVALENCE_1000PP":1.02775},"LENGTH_OF_ERA":{"CATEGORY":"Length of era","MIN_VALUE":0,"P10_VALUE":0,"P25_VALUE":0,"MEDIAN_VALUE":0,"P75_VALUE":0,"P90_VALUE":0,"MAX_VALUE":0},"AGE_AT_FIRST_DIAGNOSIS":{"CATEGORY":["FEMALE","MALE"],"MIN_VALUE":[67,51],"P10_VALUE":[67,51],"P25_VALUE":[68,66],"MEDIAN_VALUE":[75,72],"P75_VALUE":[81,75],"P90_VALUE":[83,79],"MAX_VALUE":[83,83]}}
