{"PREVALENCE_BY_GENDER_AGE_YEAR":{"TRELLIS_NAME":["90-99","80-89","30-39","60-69","80-89","60-69","70-79","40-49","70-79","70-79","90-99","40-49","70-79","80-89","30-39","60-69","80-89","60-69","60-69","80-89","90-99","70-79","50-59","80-89","40-49","70-79","50-59","60-69"],"SERIES_NAME":["FEMALE","FEMALE","MALE","MALE","MALE","FEMALE","MALE","FEMALE","FEMALE","FEMALE","FEMALE","MALE","MALE","MALE","FEMALE","FEMALE","FEMALE","MALE","MALE","MALE","FEMALE","FEMALE","MALE","FEMALE","MALE","MALE","FEMALE","FEMALE"],"X_CALENDAR_YEAR":["2008","2008","2008","2008","2008","2008","2008","2008","2008","2009","2009","2009","2009","2009","2009","2009","2009","2009","2010","2010","2010","2010","2010","2010","2010","2010","2010","2010"],"Y_PREVALENCE_1000PP":[38.46154,41.09589,100,13.33333,36.14458,8.84956,23.52941,66.66667,63.69427,49.68944,24.39024,41.66667,22.34637,33.33333,125,40.40404,27.97203,25.21008,19.80198,44.94382,19.23077,19.48052,62.5,48.95105,50,32.6087,71.42857,12.19512]},"PREVALENCE_BY_MONTH":{"X_CALENDAR_MONTH":["200801","201001"],"Y_PREVALENCE_1000PP":[2.0555,1.07527]},"LENGTH_OF_ERA":{"CATEGORY":"Length of era","MIN_VALUE":0,"P10_VALUE":0,"P25_VALUE":0,"MEDIAN_VALUE":0,"P75_VALUE":0,"P90_VALUE":0,"MAX_VALUE":18},"AGE_AT_FIRST_DIAGNOSIS":{"CATEGORY":["MALE","FEMALE"],"MIN_VALUE":[38,39],"P10_VALUE":[58,67],"P25_VALUE":[67,72],"MEDIAN_VALUE":[73,78],"P75_VALUE":[77,84],"P90_VALUE":[83,89],"MAX_VALUE":[87,97]}}
