{"PREVALENCE_BY_GENDER_AGE_YEAR":{"TRELLIS_NAME":["80-89","60-69","70-79","50-59","80-89","60-69","90-99"],"SERIES_NAME":["FEMALE","MALE","MALE","MALE","FEMALE","MALE","FEMALE"],"X_CALENDAR_YEAR":["2008","2008","2008","2009","2009","2010","2010"],"Y_PREVALENCE_1000PP":[13.69863,6.66667,11.76471,28.57143,6.99301,9.90099,19.23077]},"PREVALENCE_BY_MONTH":{"X_CALENDAR_MONTH":[],"Y_PREVALENCE_1000PP":[]},"LENGTH_OF_ERA":{"CATEGORY":"Length of era","MIN_VALUE":0,"P10_VALUE":0,"P25_VALUE":0,"MEDIAN_VALUE":0,"P75_VALUE":0,"P90_VALUE":6,"MAX_VALUE":6},"AGE_AT_FIRST_DIAGNOSIS":{"CATEGORY":["FEMALE","MALE"],"MIN_VALUE":[88,51],"P10_VALUE":[88,51],"P25_VALUE":[88,63],"MEDIAN_VALUE":[88,69],"P75_VALUE":[90,70],"P90_VALUE":[90,75],"MAX_VALUE":[90,75]}}
