{"PREVALENCE_BY_GENDER_AGE_YEAR":{"TRELLIS_NAME":["50-59","70-79","90-99","50-59","60-69","70-79","70-79","90-99"],"SERIES_NAME":["MALE","FEMALE","FEMALE","FEMALE","FEMALE","FEMALE","FEMALE","FEMALE"],"X_CALENDAR_YEAR":["2008","2008","2009","2009","2009","2009","2010","2010"],"Y_PREVALENCE_1000PP":[28.57143,6.36943,24.39024,71.42857,10.10101,6.21118,6.49351,19.23077]},"PREVALENCE_BY_MONTH":{"X_CALENDAR_MONTH":["200801","200901","201001"],"Y_PREVALENCE_1000PP":[1.02775,1.04384,1.07527]},"LENGTH_OF_ERA":{"CATEGORY":"Length of era","MIN_VALUE":0,"P10_VALUE":0,"P25_VALUE":0,"MEDIAN_VALUE":0,"P75_VALUE":0,"P90_VALUE":1,"MAX_VALUE":1},"AGE_AT_FIRST_DIAGNOSIS":{"CATEGORY":["FEMALE","MALE"],"MIN_VALUE":[56,57],"P10_VALUE":[56,57],"P25_VALUE":[69,57],"MEDIAN_VALUE":[79,57],"P75_VALUE":[90,57],"P90_VALUE":[90,57],"MAX_VALUE":[90,57]}}
