{"PREVALENCE_BY_GENDER_AGE_YEAR":{"TRELLIS_NAME":["80-89","80-89","80-89","70-79","40-49"],"SERIES_NAME":["FEMALE","MALE","FEMALE","MALE","MALE"],"X_CALENDAR_YEAR":["2008","2008","2009","2009","2010"],"Y_PREVALENCE_1000PP":[6.84932,12.04819,6.99301,5.58659,50]},"PREVALENCE_BY_MONTH":{"X_CALENDAR_MONTH":[],"Y_PREVALENCE_1000PP":[]},"LENGTH_OF_ERA":{"CATEGORY":"Length of era","MIN_VALUE":0,"P10_VALUE":0,"P25_VALUE":0,"MEDIAN_VALUE":0,"P75_VALUE":0,"P90_VALUE":0,"MAX_VALUE":0},"AGE_AT_FIRST_DIAGNOSIS":{"CATEGORY":["FEMALE","MALE"],"MIN_VALUE":[82,45],"P10_VALUE":[82,45],"P25_VALUE":[82,45],"MEDIAN_VALUE":[82,78],"P75_VALUE":[89,82],"P90_VALUE":[89,82],"MAX_VALUE":[89,82]}}
