{"PREVALENCE_BY_GENDER_AGE_YEAR":{"TRELLIS_NAME":["60-69","70-79","80-89","80-89","70-79","70-79","90-99","60-69","80-89","70-79","30-39","90-99"],"SERIES_NAME":["FEMALE","FEMALE","MALE","FEMALE","FEMALE","MALE","FEMALE","FEMALE","FEMALE","FEMALE","MALE","FEMALE"],"X_CALENDAR_YEAR":["2008","2008","2008","2008","2009","2009","2009","2009","2009","2010","2010","2010"],"Y_PREVALENCE_1000PP":[8.84956,6.36943,12.04819,13.69863,12.42236,5.58659,24.39024,20.20202,13.98601,12.98701,142.85714,19.23077]},"PREVALENCE_BY_MONTH":{"X_CALENDAR_MONTH":["200801","200901","201001"],"Y_PREVALENCE_1000PP":[2.0555,1.04384,1.07527]},"LENGTH_OF_ERA":{"CATEGORY":"Length of era","MIN_VALUE":0,"P10_VALUE":0,"P25_VALUE":0,"MEDIAN_VALUE":0,"P75_VALUE":0,"P90_VALUE":0,"MAX_VALUE":2},"AGE_AT_FIRST_DIAGNOSIS":{"CATEGORY":["FEMALE","MALE"],"MIN_VALUE":[66,37],"P10_VALUE":[67,37],"P25_VALUE":[71,37],"MEDIAN_VALUE":[74,76],"P75_VALUE":[87,81],"P90_VALUE":[90,81],"MAX_VALUE":[91,81]}}
