{"PREVALENCE_BY_GENDER_AGE_YEAR":{"TRELLIS_NAME":["50-59","60-69","70-79","70-79","80-89","70-79","50-59","60-69"],"SERIES_NAME":["MALE","FEMALE","FEMALE","MALE","FEMALE","FEMALE","MALE","MALE"],"X_CALENDAR_YEAR":["2008","2008","2009","2009","2009","2010","2010","2010"],"Y_PREVALENCE_1000PP":[57.14286,17.69912,6.21118,11.17318,6.99301,6.49351,31.25,9.90099]},"PREVALENCE_BY_MONTH":{"X_CALENDAR_MONTH":"200901","Y_PREVALENCE_1000PP":1.04384},"LENGTH_OF_ERA":{"CATEGORY":"Length of era","MIN_VALUE":0,"P10_VALUE":0,"P25_VALUE":0,"MEDIAN_VALUE":0,"P75_VALUE":0,"P90_VALUE":0,"MAX_VALUE":0},"AGE_AT_FIRST_DIAGNOSIS":{"CATEGORY":["FEMALE","MALE"],"MIN_VALUE":[60,50],"P10_VALUE":[60,50],"P25_VALUE":[66,52],"MEDIAN_VALUE":[70,55],"P75_VALUE":[76,70],"P90_VALUE":[82,75],"MAX_VALUE":[82,75]}}
