{"PREVALENCE_BY_GENDER_AGE_YEAR":{"TRELLIS_NAME":["60-69","70-79","80-89","80-89","90-99","70-79","60-69","70-79","80-89","60-69","70-79","70-79","90-99"],"SERIES_NAME":["FEMALE","MALE","FEMALE","MALE","MALE","MALE","MALE","FEMALE","MALE","FEMALE","FEMALE","MALE","FEMALE"],"X_CALENDAR_YEAR":["2008","2008","2008","2008","2008","2009","2009","2009","2009","2009","2010","2010","2010"],"Y_PREVALENCE_1000PP":[8.84956,17.64706,6.84932,12.04819,100,5.58659,16.80672,12.42236,11.11111,20.20202,6.49351,5.43478,19.23077]},"PREVALENCE_BY_MONTH":{"X_CALENDAR_MONTH":["200801","200901"],"Y_PREVALENCE_1000PP":[1.02775,2.08768]},"LENGTH_OF_ERA":{"CATEGORY":"Length of era","MIN_VALUE":0,"P10_VALUE":0,"P25_VALUE":0,"MEDIAN_VALUE":0,"P75_VALUE":0,"P90_VALUE":5,"MAX_VALUE":22},"AGE_AT_FIRST_DIAGNOSIS":{"CATEGORY":["MALE","FEMALE"],"MIN_VALUE":[62,62],"P10_VALUE":[62,62],"P25_VALUE":[70,67],"MEDIAN_VALUE":[73,71],"P75_VALUE":[83,74],"P90_VALUE":[86,91],"MAX_VALUE":[97,91]}}
