{"PREVALENCE_BY_GENDER_AGE_YEAR":{"TRELLIS_NAME":["90-99","70-79","70-79","60-69","60-69","70-79","60-69","80-89","70-79","60-69","80-89","60-69"],"SERIES_NAME":["FEMALE","FEMALE","MALE","MALE","FEMALE","FEMALE","MALE","FEMALE","MALE","FEMALE","MALE","MALE"],"X_CALENDAR_YEAR":["2008","2008","2008","2008","2008","2009","2009","2009","2009","2009","2009","2010"],"Y_PREVALENCE_1000PP":[38.46154,19.10828,5.88235,6.66667,8.84956,6.21118,8.40336,20.97902,11.17318,20.20202,11.11111,9.90099]},"PREVALENCE_BY_MONTH":{"X_CALENDAR_MONTH":"201001","Y_PREVALENCE_1000PP":1.07527},"LENGTH_OF_ERA":{"CATEGORY":"Length of era","MIN_VALUE":0,"P10_VALUE":0,"P25_VALUE":0,"MEDIAN_VALUE":0,"P75_VALUE":0,"P90_VALUE":9,"MAX_VALUE":11},"AGE_AT_FIRST_DIAGNOSIS":{"CATEGORY":["FEMALE","MALE"],"MIN_VALUE":[66,67],"P10_VALUE":[67,67],"P25_VALUE":[67,69],"MEDIAN_VALUE":[78,70],"P75_VALUE":[85,76],"P90_VALUE":[87,83],"MAX_VALUE":[94,83]}}
