{"PREVALENCE_BY_GENDER_AGE_YEAR":{"TRELLIS_NAME":["60-69","70-79","70-79","50-59","80-89","80-89","70-79","70-79","40-49","60-69","90-99","60-69","80-89","60-69","60-69","80-89"],"SERIES_NAME":["FEMALE","FEMALE","MALE","MALE","MALE","FEMALE","FEMALE","MALE","FEMALE","MALE","FEMALE","FEMALE","MALE","FEMALE","MALE","MALE"],"X_CALENDAR_YEAR":["2008","2008","2008","2008","2008","2008","2009","2009","2009","2009","2009","2009","2009","2010","2010","2010"],"Y_PREVALENCE_1000PP":[17.69912,12.73885,17.64706,28.57143,12.04819,6.84932,6.21118,5.58659,71.42857,8.40336,24.39024,10.10101,22.22222,24.39024,9.90099,11.23596]},"PREVALENCE_BY_MONTH":{"X_CALENDAR_MONTH":"200801","Y_PREVALENCE_1000PP":1.02775},"LENGTH_OF_ERA":{"CATEGORY":"Length of era","MIN_VALUE":0,"P10_VALUE":0,"P25_VALUE":0,"MEDIAN_VALUE":0,"P75_VALUE":0,"P90_VALUE":0,"MAX_VALUE":0},"AGE_AT_FIRST_DIAGNOSIS":{"CATEGORY":["FEMALE","MALE"],"MIN_VALUE":[47,52],"P10_VALUE":[65,68],"P25_VALUE":[66,69],"MEDIAN_VALUE":[69,73],"P75_VALUE":[78,81],"P90_VALUE":[84,82],"MAX_VALUE":[98,88]}}
