{"PREVALENCE_BY_GENDER_AGE_YEAR":{"TRELLIS_NAME":["80-89","70-79","70-79","60-69","80-89","90-99","60-69","70-79","90-99","90-99","80-89","60-69","80-89","60-69","70-79","70-79","50-59","90-99","80-89","20-29","80-89","60-69"],"SERIES_NAME":["FEMALE","MALE","FEMALE","FEMALE","MALE","MALE","MALE","MALE","FEMALE","MALE","FEMALE","FEMALE","MALE","MALE","FEMALE","FEMALE","MALE","FEMALE","FEMALE","MALE","MALE","FEMALE"],"X_CALENDAR_YEAR":["2008","2008","2008","2008","2008","2008","2008","2009","2009","2009","2009","2009","2009","2009","2009","2010","2010","2010","2010","2010","2010","2010"],"Y_PREVALENCE_1000PP":[27.39726,11.76471,19.10828,8.84956,12.04819,100,6.66667,16.75978,24.39024,71.42857,27.97203,20.20202,33.33333,25.21008,6.21118,19.48052,31.25,38.46154,13.98601,200,11.23596,24.39024]},"PREVALENCE_BY_MONTH":{"X_CALENDAR_MONTH":["200801","200901"],"Y_PREVALENCE_1000PP":[3.08325,1.04384]},"LENGTH_OF_ERA":{"CATEGORY":"Length of era","MIN_VALUE":0,"P10_VALUE":0,"P25_VALUE":0,"MEDIAN_VALUE":0,"P75_VALUE":0,"P90_VALUE":1,"MAX_VALUE":2},"AGE_AT_FIRST_DIAGNOSIS":{"CATEGORY":["FEMALE","MALE"],"MIN_VALUE":[63,29],"P10_VALUE":[68,59],"P25_VALUE":[71,66],"MEDIAN_VALUE":[81,75],"P75_VALUE":[88,85],"P90_VALUE":[89,88],"MAX_VALUE":[97,97]}}
