{"PREVALENCE_BY_GENDER_AGE_YEAR":{"TRELLIS_NAME":["60-69","70-79","80-89","80-89","70-79","70-79","70-79","50-59","60-69"],"SERIES_NAME":["FEMALE","MALE","MALE","FEMALE","MALE","FEMALE","FEMALE","FEMALE","MALE"],"X_CALENDAR_YEAR":["2008","2008","2008","2009","2009","2009","2010","2010","2010"],"Y_PREVALENCE_1000PP":[8.84956,5.88235,12.04819,6.99301,11.17318,18.63354,12.98701,71.42857,29.70297]},"PREVALENCE_BY_MONTH":{"X_CALENDAR_MONTH":[],"Y_PREVALENCE_1000PP":[]},"LENGTH_OF_ERA":{"CATEGORY":"Length of era","MIN_VALUE":0,"P10_VALUE":0,"P25_VALUE":0,"MEDIAN_VALUE":0,"P75_VALUE":0,"P90_VALUE":0,"MAX_VALUE":0},"AGE_AT_FIRST_DIAGNOSIS":{"CATEGORY":["FEMALE","MALE"],"MIN_VALUE":[51,66],"P10_VALUE":[51,66],"P25_VALUE":[68,67],"MEDIAN_VALUE":[71,74],"P75_VALUE":[74,79],"P90_VALUE":[80,82],"MAX_VALUE":[80,82]}}
