{"PREVALENCE_BY_GENDER_AGE_YEAR":{"TRELLIS_NAME":["70-79","80-89","60-69","60-69","80-89","90-99","80-89","40-49","90-99","60-69","50-59","70-79","70-79","80-89","60-69","100-109","70-79","30-39","90-99","60-69","90-99","50-59","80-89","80-89","70-79"],"SERIES_NAME":["FEMALE","FEMALE","FEMALE","MALE","MALE","MALE","FEMALE","MALE","FEMALE","MALE","FEMALE","MALE","FEMALE","MALE","FEMALE","MALE","FEMALE","MALE","FEMALE","MALE","MALE","MALE","FEMALE","MALE","MALE"],"X_CALENDAR_YEAR":["2008","2008","2008","2008","2008","2008","2009","2009","2009","2009","2009","2009","2009","2009","2009","2009","2010","2010","2010","2010","2010","2010","2010","2010","2010"],"Y_PREVALENCE_1000PP":[19.10828,34.24658,26.54867,20,36.14458,100,20.97902,41.66667,73.17073,8.40336,71.42857,11.17318,12.42236,22.22222,10.10101,500,25.97403,142.85714,19.23077,39.60396,45.45455,31.25,20.97902,33.70787,16.30435]},"PREVALENCE_BY_MONTH":{"X_CALENDAR_MONTH":["200801","200901","201001"],"Y_PREVALENCE_1000PP":[1.02775,1.04384,1.07527]},"LENGTH_OF_ERA":{"CATEGORY":"Length of era","MIN_VALUE":0,"P10_VALUE":0,"P25_VALUE":0,"MEDIAN_VALUE":0,"P75_VALUE":0,"P90_VALUE":2,"MAX_VALUE":8},"AGE_AT_FIRST_DIAGNOSIS":{"CATEGORY":["FEMALE","MALE"],"MIN_VALUE":[56,37],"P10_VALUE":[62,59],"P25_VALUE":[73,67],"MEDIAN_VALUE":[79,71],"P75_VALUE":[88,84],"P90_VALUE":[90,96],"MAX_VALUE":[92,100]}}
