{"PREVALENCE_BY_GENDER_AGE_YEAR":{"TRELLIS_NAME":["70-79","80-89","60-69","50-59","70-79","60-69","50-59","60-69","50-59","70-79","70-79","70-79","60-69","80-89"],"SERIES_NAME":["FEMALE","FEMALE","MALE","MALE","MALE","FEMALE","FEMALE","MALE","MALE","FEMALE","FEMALE","MALE","MALE","MALE"],"X_CALENDAR_YEAR":["2008","2008","2008","2008","2008","2008","2008","2009","2009","2009","2010","2010","2010","2010"],"Y_PREVALENCE_1000PP":[6.36943,20.54795,13.33333,28.57143,17.64706,8.84956,58.82353,8.40336,28.57143,12.42236,6.49351,16.30435,9.90099,11.23596]},"PREVALENCE_BY_MONTH":{"X_CALENDAR_MONTH":"201001","Y_PREVALENCE_1000PP":1.07527},"LENGTH_OF_ERA":{"CATEGORY":"Length of era","MIN_VALUE":0,"P10_VALUE":0,"P25_VALUE":0,"MEDIAN_VALUE":0,"P75_VALUE":0,"P90_VALUE":1,"MAX_VALUE":8},"AGE_AT_FIRST_DIAGNOSIS":{"CATEGORY":["FEMALE","MALE"],"MIN_VALUE":[58,55],"P10_VALUE":[58,58],"P25_VALUE":[70,67],"MEDIAN_VALUE":[74,74],"P75_VALUE":[82,77],"P90_VALUE":[89,79],"MAX_VALUE":[89,85]}}
