{"PREVALENCE_BY_GENDER_AGE_YEAR":{"TRELLIS_NAME":["70-79","60-69","70-79","40-49","70-79","70-79","60-69","80-89","80-89","90-99","60-69","40-49","70-79","80-89","70-79","80-89"],"SERIES_NAME":["FEMALE","MALE","MALE","FEMALE","FEMALE","MALE","FEMALE","FEMALE","MALE","FEMALE","FEMALE","MALE","FEMALE","MALE","MALE","FEMALE"],"X_CALENDAR_YEAR":["2008","2008","2008","2009","2009","2009","2009","2009","2009","2009","2010","2010","2010","2010","2010","2010"],"Y_PREVALENCE_1000PP":[12.73885,6.66667,11.76471,71.42857,6.21118,27.93296,10.10101,6.99301,11.11111,48.78049,12.19512,50,6.49351,11.23596,10.86957,6.99301]},"PREVALENCE_BY_MONTH":{"X_CALENDAR_MONTH":["200901","201001"],"Y_PREVALENCE_1000PP":[1.04384,2.15054]},"LENGTH_OF_ERA":{"CATEGORY":"Length of era","MIN_VALUE":0,"P10_VALUE":0,"P25_VALUE":0,"MEDIAN_VALUE":0,"P75_VALUE":0,"P90_VALUE":1,"MAX_VALUE":11},"AGE_AT_FIRST_DIAGNOSIS":{"CATEGORY":["FEMALE","MALE"],"MIN_VALUE":[49,43],"P10_VALUE":[49,65],"P25_VALUE":[68,73],"MEDIAN_VALUE":[77,73],"P75_VALUE":[84,78],"P90_VALUE":[90,83],"MAX_VALUE":[96,87]}}
