{"PREVALENCE_BY_GENDER_AGE_YEAR":{"TRELLIS_NAME":["80-89","70-79","90-99","70-79","60-69","60-69","40-49","80-89","80-89","60-69","70-79","70-79","60-69","90-99","70-79","60-69","70-79","50-59"],"SERIES_NAME":["FEMALE","MALE","FEMALE","FEMALE","FEMALE","MALE","MALE","MALE","MALE","FEMALE","FEMALE","MALE","MALE","MALE","MALE","FEMALE","FEMALE","MALE"],"X_CALENDAR_YEAR":["2008","2008","2008","2008","2008","2008","2008","2008","2009","2009","2009","2009","2009","2010","2010","2010","2010","2010"],"Y_PREVALENCE_1000PP":[20.54795,17.64706,76.92308,12.73885,8.84956,13.33333,83.33333,12.04819,11.11111,10.10101,12.42236,16.75978,8.40336,45.45455,27.17391,12.19512,19.48052,31.25]},"PREVALENCE_BY_MONTH":{"X_CALENDAR_MONTH":"201001","Y_PREVALENCE_1000PP":2.15054},"LENGTH_OF_ERA":{"CATEGORY":"Length of era","MIN_VALUE":0,"P10_VALUE":0,"P25_VALUE":0,"MEDIAN_VALUE":0,"P75_VALUE":0,"P90_VALUE":1,"MAX_VALUE":3},"AGE_AT_FIRST_DIAGNOSIS":{"CATEGORY":["MALE","FEMALE"],"MIN_VALUE":[41,66],"P10_VALUE":[48,67],"P25_VALUE":[65,70],"MEDIAN_VALUE":[71,77],"P75_VALUE":[77,84],"P90_VALUE":[88,92],"MAX_VALUE":[99,95]}}
