{"PREVALENCE_BY_GENDER_AGE_YEAR":{"TRELLIS_NAME":["80-89","50-59","60-69","80-89","90-99","60-69","40-49","70-79","70-79","60-69","80-89","70-79","90-99","60-69","70-79","50-59","40-49","80-89","70-79","90-99","70-79"],"SERIES_NAME":["FEMALE","FEMALE","FEMALE","MALE","MALE","MALE","FEMALE","FEMALE","MALE","FEMALE","FEMALE","FEMALE","FEMALE","MALE","MALE","MALE","FEMALE","MALE","MALE","FEMALE","FEMALE"],"X_CALENDAR_YEAR":["2008","2008","2008","2008","2008","2008","2008","2008","2008","2009","2009","2009","2009","2009","2009","2010","2010","2010","2010","2010","2010"],"Y_PREVALENCE_1000PP":[13.69863,58.82353,8.84956,24.09639,100,13.33333,66.66667,19.10828,17.64706,20.20202,13.98601,12.42236,48.78049,16.80672,11.17318,31.25,71.42857,44.94382,5.43478,38.46154,25.97403]},"PREVALENCE_BY_MONTH":{"X_CALENDAR_MONTH":["200901","201001"],"Y_PREVALENCE_1000PP":[2.08768,3.22581]},"LENGTH_OF_ERA":{"CATEGORY":"Length of era","MIN_VALUE":0,"P10_VALUE":0,"P25_VALUE":0,"MEDIAN_VALUE":0,"P75_VALUE":0,"P90_VALUE":0,"MAX_VALUE":19},"AGE_AT_FIRST_DIAGNOSIS":{"CATEGORY":["MALE","FEMALE"],"MIN_VALUE":[58,45],"P10_VALUE":[64,55],"P25_VALUE":[68,68],"MEDIAN_VALUE":[76,74],"P75_VALUE":[82,84],"P90_VALUE":[86,95],"MAX_VALUE":[94,98]}}
