{"PREVALENCE_BY_GENDER_AGE_YEAR":{"TRELLIS_NAME":["40-49","80-89","70-79","60-69","70-79"],"SERIES_NAME":["MALE","MALE","MALE","FEMALE","FEMALE"],"X_CALENDAR_YEAR":["2008","2009","2009","2009","2010"],"Y_PREVALENCE_1000PP":[41.66667,11.11111,5.58659,10.10101,6.49351]},"PREVALENCE_BY_MONTH":{"X_CALENDAR_MONTH":[],"Y_PREVALENCE_1000PP":[]},"LENGTH_OF_ERA":{"CATEGORY":"Length of era","MIN_VALUE":0,"P10_VALUE":0,"P25_VALUE":0,"MEDIAN_VALUE":0,"P75_VALUE":0,"P90_VALUE":0,"MAX_VALUE":0},"AGE_AT_FIRST_DIAGNOSIS":{"CATEGORY":["MALE","FEMALE"],"MIN_VALUE":[40,67],"P10_VALUE":[40,67],"P25_VALUE":[40,67],"MEDIAN_VALUE":[76,67],"P75_VALUE":[81,74],"P90_VALUE":[81,74],"MAX_VALUE":[81,74]}}
