{"PREVALENCE_BY_GENDER_AGE_YEAR":{"TRELLIS_NAME":["80-89","60-69","90-99","60-69","70-79","50-59","80-89","90-99","30-39","70-79","50-59","70-79","60-69","90-99","70-79","80-89","40-49","80-89","60-69","80-89","90-99","80-89","70-79","60-69","50-59","60-69","70-79"],"SERIES_NAME":["FEMALE","MALE","FEMALE","FEMALE","FEMALE","MALE","MALE","MALE","FEMALE","MALE","FEMALE","FEMALE","MALE","FEMALE","MALE","FEMALE","FEMALE","MALE","FEMALE","FEMALE","FEMALE","MALE","MALE","MALE","MALE","FEMALE","FEMALE"],"X_CALENDAR_YEAR":["2008","2008","2008","2008","2008","2008","2008","2008","2008","2008","2008","2009","2009","2009","2009","2009","2009","2009","2009","2010","2010","2010","2010","2010","2010","2010","2010"],"Y_PREVALENCE_1000PP":[20.54795,20,38.46154,35.39823,31.84713,57.14286,36.14458,100,125,17.64706,58.82353,18.63354,16.80672,48.78049,22.34637,27.97203,71.42857,33.33333,10.10101,6.99301,38.46154,11.23596,16.30435,29.70297,62.5,24.39024,19.48052]},"PREVALENCE_BY_MONTH":{"X_CALENDAR_MONTH":["200801","200901","201001"],"Y_PREVALENCE_1000PP":[1.02775,1.04384,1.07527]},"LENGTH_OF_ERA":{"CATEGORY":"Length of era","MIN_VALUE":0,"P10_VALUE":0,"P25_VALUE":0,"MEDIAN_VALUE":0,"P75_VALUE":0,"P90_VALUE":1,"MAX_VALUE":10},"AGE_AT_FIRST_DIAGNOSIS":{"CATEGORY":["MALE","FEMALE"],"MIN_VALUE":[50,33],"P10_VALUE":[56,60],"P25_VALUE":[67,68],"MEDIAN_VALUE":[75,76],"P75_VALUE":[80,83],"P90_VALUE":[84,90],"MAX_VALUE":[99,94]}}
