{"PREVALENCE_BY_GENDER_AGE_YEAR":{"TRELLIS_NAME":["70-79","60-69","90-99"],"SERIES_NAME":["MALE","FEMALE","FEMALE"],"X_CALENDAR_YEAR":["2009","2009","2010"],"Y_PREVALENCE_1000PP":[5.58659,10.10101,19.23077]},"PREVALENCE_BY_MONTH":{"X_CALENDAR_MONTH":[],"Y_PREVALENCE_1000PP":[]},"LENGTH_OF_ERA":{"CATEGORY":"Length of era","MIN_VALUE":0,"P10_VALUE":0,"P25_VALUE":0,"MEDIAN_VALUE":0,"P75_VALUE":0,"P90_VALUE":0,"MAX_VALUE":0},"AGE_AT_FIRST_DIAGNOSIS":{"CATEGORY":["FEMALE","MALE"],"MIN_VALUE":[66,74],"P10_VALUE":[66,74],"P25_VALUE":[66,74],"MEDIAN_VALUE":[66,74],"P75_VALUE":[90,74],"P90_VALUE":[90,74],"MAX_VALUE":[90,74]}}
