{"PREVALENCE_BY_GENDER_AGE_YEAR":{"TRELLIS_NAME":["80-89","70-79","50-59","70-79"],"SERIES_NAME":["FEMALE","MALE","MALE","FEMALE"],"X_CALENDAR_YEAR":["2008","2009","2009","2009"],"Y_PREVALENCE_1000PP":[6.84932,11.17318,28.57143,6.21118]},"PREVALENCE_BY_MONTH":{"X_CALENDAR_MONTH":[],"Y_PREVALENCE_1000PP":[]},"LENGTH_OF_ERA":{"CATEGORY":"Length of era","MIN_VALUE":0,"P10_VALUE":0,"P25_VALUE":0,"MEDIAN_VALUE":0,"P75_VALUE":0,"P90_VALUE":20,"MAX_VALUE":20},"AGE_AT_FIRST_DIAGNOSIS":{"CATEGORY":["MALE","FEMALE"],"MIN_VALUE":[53,77],"P10_VALUE":[53,77],"P25_VALUE":[53,77],"MEDIAN_VALUE":[74,77],"P75_VALUE":[77,84],"P90_VALUE":[77,84],"MAX_VALUE":[77,84]}}
