{"PREVALENCE_BY_GENDER_AGE_YEAR":{"TRELLIS_NAME":["60-69","90-99","50-59","60-69","70-79","90-99","100-109","70-79","90-99","20-29"],"SERIES_NAME":["FEMALE","MALE","FEMALE","FEMALE","MALE","MALE","MALE","FEMALE","FEMALE","FEMALE"],"X_CALENDAR_YEAR":["2008","2009","2009","2009","2010","2010","2010","2010","2010","2010"],"Y_PREVALENCE_1000PP":[8.84956,71.42857,71.42857,10.10101,10.86957,45.45455,500,6.49351,19.23077,1000]},"PREVALENCE_BY_MONTH":{"X_CALENDAR_MONTH":[],"Y_PREVALENCE_1000PP":[]},"LENGTH_OF_ERA":{"CATEGORY":"Length of era","MIN_VALUE":0,"P10_VALUE":0,"P25_VALUE":0,"MEDIAN_VALUE":0,"P75_VALUE":0,"P90_VALUE":3,"MAX_VALUE":3},"AGE_AT_FIRST_DIAGNOSIS":{"CATEGORY":["FEMALE","MALE"],"MIN_VALUE":[27,78],"P10_VALUE":[27,78],"P25_VALUE":[56,79],"MEDIAN_VALUE":[65,90],"P75_VALUE":[79,90],"P90_VALUE":[90,101],"MAX_VALUE":[90,101]}}
