{"PREVALENCE_BY_GENDER_AGE_YEAR":{"TRELLIS_NAME":["70-79","50-59","80-89","60-69","80-89","70-79","60-69","90-99","70-79","90-99","80-89","80-89","40-49","40-49","70-79","60-69","40-49","60-69","80-89"],"SERIES_NAME":["FEMALE","MALE","FEMALE","FEMALE","MALE","MALE","MALE","MALE","MALE","FEMALE","MALE","FEMALE","MALE","FEMALE","FEMALE","FEMALE","MALE","MALE","MALE"],"X_CALENDAR_YEAR":["2008","2008","2008","2008","2008","2008","2008","2008","2009","2009","2009","2009","2009","2009","2009","2009","2010","2010","2010"],"Y_PREVALENCE_1000PP":[25.47771,28.57143,20.54795,17.69912,24.09639,5.88235,6.66667,100,16.75978,48.78049,11.11111,6.99301,41.66667,71.42857,18.63354,30.30303,50,9.90099,11.23596]},"PREVALENCE_BY_MONTH":{"X_CALENDAR_MONTH":"200901","Y_PREVALENCE_1000PP":1.04384},"LENGTH_OF_ERA":{"CATEGORY":"Length of era","MIN_VALUE":0,"P10_VALUE":0,"P25_VALUE":0,"MEDIAN_VALUE":0,"P75_VALUE":0,"P90_VALUE":0,"MAX_VALUE":20},"AGE_AT_FIRST_DIAGNOSIS":{"CATEGORY":["MALE","FEMALE"],"MIN_VALUE":[42,42],"P10_VALUE":[55,66],"P25_VALUE":[62,68],"MEDIAN_VALUE":[75,77],"P75_VALUE":[83,86],"P90_VALUE":[85,96],"MAX_VALUE":[94,99]}}
