{"PREVALENCE_BY_GENDER_AGE_YEAR":{"TRELLIS_NAME":["70-79","60-69","80-89","70-79","60-69","90-99","80-89","70-79","90-99","80-89","70-79","60-69","90-99","30-39"],"SERIES_NAME":["FEMALE","FEMALE","FEMALE","MALE","FEMALE","FEMALE","FEMALE","FEMALE","FEMALE","FEMALE","MALE","MALE","MALE","FEMALE"],"X_CALENDAR_YEAR":["2008","2008","2008","2008","2009","2009","2009","2009","2010","2010","2010","2010","2010","2010"],"Y_PREVALENCE_1000PP":[6.36943,8.84956,6.84932,23.52941,10.10101,73.17073,6.99301,6.21118,19.23077,6.99301,10.86957,9.90099,45.45455,142.85714]},"PREVALENCE_BY_MONTH":{"X_CALENDAR_MONTH":["200901","201001"],"Y_PREVALENCE_1000PP":[1.04384,1.07527]},"LENGTH_OF_ERA":{"CATEGORY":"Length of era","MIN_VALUE":0,"P10_VALUE":0,"P25_VALUE":0,"MEDIAN_VALUE":0,"P75_VALUE":0,"P90_VALUE":0,"MAX_VALUE":0},"AGE_AT_FIRST_DIAGNOSIS":{"CATEGORY":["MALE","FEMALE"],"MIN_VALUE":[65,36],"P10_VALUE":[65,62],"P25_VALUE":[70,69],"MEDIAN_VALUE":[73,84],"P75_VALUE":[77,90],"P90_VALUE":[96,94],"MAX_VALUE":[96,99]}}
