{"PREVALENCE_BY_GENDER_AGE_YEAR":{"TRELLIS_NAME":["70-79","70-79","50-59"],"SERIES_NAME":["MALE","MALE","MALE"],"X_CALENDAR_YEAR":["2008","2010","2010"],"Y_PREVALENCE_1000PP":[5.88235,5.43478,31.25]},"PREVALENCE_BY_MONTH":{"X_CALENDAR_MONTH":[],"Y_PREVALENCE_1000PP":[]},"LENGTH_OF_ERA":{"CATEGORY":"Length of era","MIN_VALUE":0,"P10_VALUE":0,"P25_VALUE":0,"MEDIAN_VALUE":0,"P75_VALUE":15,"P90_VALUE":15,"MAX_VALUE":15},"AGE_AT_FIRST_DIAGNOSIS":{"CATEGORY":"MALE","MIN_VALUE":52,"P10_VALUE":52,"P25_VALUE":52,"MEDIAN_VALUE":70,"P75_VALUE":75,"P90_VALUE":75,"MAX_VALUE":75}}
