{"PREVALENCE_BY_GENDER_AGE_YEAR":{"TRELLIS_NAME":["70-79","60-69","30-39","80-89","90-99","40-49","70-79","70-79","70-79"],"SERIES_NAME":["MALE","MALE","MALE","FEMALE","FEMALE","MALE","FEMALE","MALE","FEMALE"],"X_CALENDAR_YEAR":["2008","2008","2008","2008","2009","2009","2009","2009","2010"],"Y_PREVALENCE_1000PP":[5.88235,6.66667,100,6.84932,24.39024,41.66667,12.42236,5.58659,6.49351]},"PREVALENCE_BY_MONTH":{"X_CALENDAR_MONTH":"200901","Y_PREVALENCE_1000PP":2.08768},"LENGTH_OF_ERA":{"CATEGORY":"Length of era","MIN_VALUE":0,"P10_VALUE":0,"P25_VALUE":0,"MEDIAN_VALUE":0,"P75_VALUE":0,"P90_VALUE":0,"MAX_VALUE":0},"AGE_AT_FIRST_DIAGNOSIS":{"CATEGORY":["FEMALE","MALE"],"MIN_VALUE":[71,35],"P10_VALUE":[71,35],"P25_VALUE":[78,41],"MEDIAN_VALUE":[79,69],"P75_VALUE":[89,73],"P90_VALUE":[90,78],"MAX_VALUE":[90,78]}}
