{"PREVALENCE_BY_GENDER_AGE_YEAR":{"TRELLIS_NAME":["80-89","70-79","50-59","70-79","80-89"],"SERIES_NAME":["MALE","MALE","MALE","MALE","FEMALE"],"X_CALENDAR_YEAR":["2008","2009","2010","2010","2010"],"Y_PREVALENCE_1000PP":[12.04819,5.58659,31.25,5.43478,6.99301]},"PREVALENCE_BY_MONTH":{"X_CALENDAR_MONTH":[],"Y_PREVALENCE_1000PP":[]},"LENGTH_OF_ERA":{"CATEGORY":"Length of era","MIN_VALUE":0,"P10_VALUE":0,"P25_VALUE":0,"MEDIAN_VALUE":0,"P75_VALUE":0,"P90_VALUE":2,"MAX_VALUE":2},"AGE_AT_FIRST_DIAGNOSIS":{"CATEGORY":["MALE","FEMALE"],"MIN_VALUE":[52,81],"P10_VALUE":[52,81],"P25_VALUE":[52,81],"MEDIAN_VALUE":[71,81],"P75_VALUE":[71,81],"P90_VALUE":[82,81],"MAX_VALUE":[82,81]}}
