{"PREVALENCE_BY_GENDER_AGE_YEAR":{"TRELLIS_NAME":"60-69","SERIES_NAME":"MALE","X_CALENDAR_YEAR":"2008","Y_PREVALENCE_1000PP":6.66667},"PREVALENCE_BY_MONTH":{"X_CALENDAR_MONTH":"200801","Y_PREVALENCE_1000PP":1.02775},"LENGTH_OF_ERA":{"CATEGORY":"Length of era","MIN_VALUE":0,"P10_VALUE":0,"P25_VALUE":0,"MEDIAN_VALUE":0,"P75_VALUE":0,"P90_VALUE":0,"MAX_VALUE":0},"AGE_AT_FIRST_DIAGNOSIS":{"CATEGORY":"MALE","MIN_VALUE":69,"P10_VALUE":69,"P25_VALUE":69,"MEDIAN_VALUE":69,"P75_VALUE":69,"P90_VALUE":69,"MAX_VALUE":69}}
