{"PREVALENCE_BY_GENDER_AGE_YEAR":{"TRELLIS_NAME":["70-79","70-79","70-79","90-99"],"SERIES_NAME":["FEMALE","MALE","MALE","FEMALE"],"X_CALENDAR_YEAR":["2008","2008","2009","2009"],"Y_PREVALENCE_1000PP":[6.36943,11.76471,5.58659,24.39024]},"PREVALENCE_BY_MONTH":{"X_CALENDAR_MONTH":[],"Y_PREVALENCE_1000PP":[]},"LENGTH_OF_ERA":{"CATEGORY":"Length of era","MIN_VALUE":0,"P10_VALUE":0,"P25_VALUE":0,"MEDIAN_VALUE":0,"P75_VALUE":0,"P90_VALUE":0,"MAX_VALUE":0},"AGE_AT_FIRST_DIAGNOSIS":{"CATEGORY":["MALE","FEMALE"],"MIN_VALUE":[72,72],"P10_VALUE":[72,72],"P25_VALUE":[72,72],"MEDIAN_VALUE":[78,72],"P75_VALUE":[79,90],"P90_VALUE":[79,90],"MAX_VALUE":[79,90]}}
