{"PREVALENCE_BY_GENDER_AGE_YEAR":{"TRELLIS_NAME":["60-69","80-89","90-99","70-79","70-79","80-89","70-79","50-59"],"SERIES_NAME":["FEMALE","MALE","MALE","MALE","FEMALE","FEMALE","MALE","MALE"],"X_CALENDAR_YEAR":["2008","2008","2009","2009","2009","2009","2010","2010"],"Y_PREVALENCE_1000PP":[8.84956,12.04819,71.42857,5.58659,6.21118,6.99301,5.43478,31.25]},"PREVALENCE_BY_MONTH":{"X_CALENDAR_MONTH":[],"Y_PREVALENCE_1000PP":[]},"LENGTH_OF_ERA":{"CATEGORY":"Length of era","MIN_VALUE":0,"P10_VALUE":0,"P25_VALUE":0,"MEDIAN_VALUE":0,"P75_VALUE":0,"P90_VALUE":0,"MAX_VALUE":0},"AGE_AT_FIRST_DIAGNOSIS":{"CATEGORY":["FEMALE","MALE"],"MIN_VALUE":[65,50],"P10_VALUE":[65,50],"P25_VALUE":[65,75],"MEDIAN_VALUE":[74,76],"P75_VALUE":[89,81],"P90_VALUE":[89,90],"MAX_VALUE":[89,90]}}
