{"PREVALENCE_BY_GENDER_AGE_YEAR":{"TRELLIS_NAME":["30-39","70-79","60-69","50-59","50-59","80-89","40-49","70-79","30-39","60-69","90-99","60-69","80-89","50-59","40-49","30-39","70-79","80-89","70-79","60-69","80-89","40-49","80-89","60-69","90-99","20-29","70-79","60-69","70-79"],"SERIES_NAME":["MALE","FEMALE","MALE","FEMALE","MALE","FEMALE","MALE","MALE","FEMALE","FEMALE","FEMALE","MALE","FEMALE","MALE","FEMALE","MALE","FEMALE","MALE","MALE","FEMALE","FEMALE","MALE","MALE","MALE","FEMALE","MALE","FEMALE","FEMALE","MALE"],"X_CALENDAR_YEAR":["2008","2008","2008","2008","2008","2008","2008","2008","2008","2008","2009","2009","2009","2009","2009","2009","2009","2009","2009","2009","2010","2010","2010","2010","2010","2010","2010","2010","2010"],"Y_PREVALENCE_1000PP":[100,50.95541,40,176.47059,57.14286,47.94521,125,41.17647,125,17.69912,97.56098,58.82353,34.96503,57.14286,71.42857,166.66667,43.47826,88.88889,39.10615,60.60606,34.96503,100,33.70787,19.80198,38.46154,200,38.96104,24.39024,32.6087]},"PREVALENCE_BY_MONTH":{"X_CALENDAR_MONTH":["200901","201001"],"Y_PREVALENCE_1000PP":[5.21921,2.15054]},"LENGTH_OF_ERA":{"CATEGORY":"Length of era","MIN_VALUE":0,"P10_VALUE":0,"P25_VALUE":0,"MEDIAN_VALUE":0,"P75_VALUE":0,"P90_VALUE":2,"MAX_VALUE":9},"AGE_AT_FIRST_DIAGNOSIS":{"CATEGORY":["MALE","FEMALE"],"MIN_VALUE":[29,36],"P10_VALUE":[45,63],"P25_VALUE":[61,68],"MEDIAN_VALUE":[72,77],"P75_VALUE":[78,84],"P90_VALUE":[83,90],"MAX_VALUE":[89,96]}}
