{"PREVALENCE_BY_GENDER_AGE_YEAR":{"TRELLIS_NAME":["60-69","70-79","80-89","70-79","60-69","90-99","70-79","80-89","60-69","70-79","60-69","80-89","40-49","90-99","60-69","70-79","90-99","80-89","70-79"],"SERIES_NAME":["MALE","MALE","FEMALE","FEMALE","FEMALE","MALE","MALE","FEMALE","FEMALE","FEMALE","MALE","MALE","MALE","FEMALE","FEMALE","MALE","FEMALE","FEMALE","FEMALE"],"X_CALENDAR_YEAR":["2008","2008","2008","2008","2008","2009","2009","2009","2009","2009","2009","2009","2009","2009","2010","2010","2010","2010","2010"],"Y_PREVALENCE_1000PP":[20,5.88235,20.54795,25.47771,8.84956,71.42857,39.10615,27.97203,40.40404,18.63354,33.61345,11.11111,41.66667,24.39024,12.19512,10.86957,38.46154,6.99301,25.97403]},"PREVALENCE_BY_MONTH":{"X_CALENDAR_MONTH":["200901","201001"],"Y_PREVALENCE_1000PP":[3.13152,4.30108]},"LENGTH_OF_ERA":{"CATEGORY":"Length of era","MIN_VALUE":0,"P10_VALUE":0,"P25_VALUE":0,"MEDIAN_VALUE":0,"P75_VALUE":0,"P90_VALUE":0,"MAX_VALUE":17},"AGE_AT_FIRST_DIAGNOSIS":{"CATEGORY":["FEMALE","MALE"],"MIN_VALUE":[67,42],"P10_VALUE":[68,61],"P25_VALUE":[71,66],"MEDIAN_VALUE":[79,70],"P75_VALUE":[85,76],"P90_VALUE":[90,79],"MAX_VALUE":[95,98]}}
