{"PREVALENCE_BY_GENDER_AGE_YEAR":{"TRELLIS_NAME":["70-79","80-89","50-59","70-79","60-69","70-79","60-69","80-89","80-89"],"SERIES_NAME":["FEMALE","MALE","FEMALE","FEMALE","MALE","MALE","FEMALE","MALE","FEMALE"],"X_CALENDAR_YEAR":["2008","2008","2008","2009","2009","2010","2010","2010","2010"],"Y_PREVALENCE_1000PP":[6.36943,12.04819,58.82353,6.21118,8.40336,5.43478,12.19512,11.23596,6.99301]},"PREVALENCE_BY_MONTH":{"X_CALENDAR_MONTH":"201001","Y_PREVALENCE_1000PP":1.07527},"LENGTH_OF_ERA":{"CATEGORY":"Length of era","MIN_VALUE":0,"P10_VALUE":0,"P25_VALUE":0,"MEDIAN_VALUE":0,"P75_VALUE":1,"P90_VALUE":3,"MAX_VALUE":3},"AGE_AT_FIRST_DIAGNOSIS":{"CATEGORY":["FEMALE","MALE"],"MIN_VALUE":[59,68],"P10_VALUE":[59,68],"P25_VALUE":[69,68],"MEDIAN_VALUE":[70,70],"P75_VALUE":[78,85],"P90_VALUE":[85,85],"MAX_VALUE":[85,85]}}
