{"PREVALENCE_BY_GENDER_AGE_YEAR":{"TRELLIS_NAME":"70-79","SERIES_NAME":"FEMALE","X_CALENDAR_YEAR":"2009","Y_PREVALENCE_1000PP":6.21118},"PREVALENCE_BY_MONTH":{"X_CALENDAR_MONTH":[],"Y_PREVALENCE_1000PP":[]},"LENGTH_OF_ERA":{"CATEGORY":"Length of era","MIN_VALUE":3,"P10_VALUE":3,"P25_VALUE":3,"MEDIAN_VALUE":3,"P75_VALUE":3,"P90_VALUE":3,"MAX_VALUE":3},"AGE_AT_FIRST_DIAGNOSIS":{"CATEGORY":"FEMALE","MIN_VALUE":77,"P10_VALUE":77,"P25_VALUE":77,"MEDIAN_VALUE":77,"P75_VALUE":77,"P90_VALUE":77,"MAX_VALUE":77}}
