{"PREVALENCE_BY_GENDER_AGE_YEAR":{"TRELLIS_NAME":["70-79","80-89","80-89","30-39","60-69","90-99"],"SERIES_NAME":["MALE","MALE","FEMALE","FEMALE","FEMALE","FEMALE"],"X_CALENDAR_YEAR":["2008","2009","2009","2009","2009","2010"],"Y_PREVALENCE_1000PP":[5.88235,22.22222,6.99301,125,10.10101,19.23077]},"PREVALENCE_BY_MONTH":{"X_CALENDAR_MONTH":[],"Y_PREVALENCE_1000PP":[]},"LENGTH_OF_ERA":{"CATEGORY":"Length of era","MIN_VALUE":0,"P10_VALUE":0,"P25_VALUE":0,"MEDIAN_VALUE":0,"P75_VALUE":0,"P90_VALUE":0,"MAX_VALUE":0},"AGE_AT_FIRST_DIAGNOSIS":{"CATEGORY":["FEMALE","MALE"],"MIN_VALUE":[30,74],"P10_VALUE":[30,74],"P25_VALUE":[30,74],"MEDIAN_VALUE":[66,86],"P75_VALUE":[89,89],"P90_VALUE":[99,89],"MAX_VALUE":[99,89]}}
