{"PREVALENCE_BY_GENDER_AGE_YEAR":{"TRELLIS_NAME":["70-79","80-89","60-69"],"SERIES_NAME":["FEMALE","MALE","MALE"],"X_CALENDAR_YEAR":["2010","2010","2010"],"Y_PREVALENCE_1000PP":[6.49351,11.23596,9.90099]},"PREVALENCE_BY_MONTH":{"X_CALENDAR_MONTH":[],"Y_PREVALENCE_1000PP":[]},"LENGTH_OF_ERA":{"CATEGORY":"Length of era","MIN_VALUE":0,"P10_VALUE":0,"P25_VALUE":0,"MEDIAN_VALUE":0,"P75_VALUE":0,"P90_VALUE":0,"MAX_VALUE":0},"AGE_AT_FIRST_DIAGNOSIS":{"CATEGORY":["FEMALE","MALE"],"MIN_VALUE":[77,69],"P10_VALUE":[77,69],"P25_VALUE":[77,69],"MEDIAN_VALUE":[77,69],"P75_VALUE":[77,84],"P90_VALUE":[77,84],"MAX_VALUE":[77,84]}}
