{"PREVALENCE_BY_GENDER_AGE_YEAR":{"TRELLIS_NAME":["70-79","60-69","80-89","80-89","40-49","70-79","60-69","70-79","60-69","70-79","40-49","80-89","90-99","80-89","60-69","90-99","40-49","30-39","50-59","80-89","80-89","60-69"],"SERIES_NAME":["MALE","MALE","FEMALE","MALE","MALE","FEMALE","FEMALE","FEMALE","MALE","MALE","FEMALE","MALE","FEMALE","FEMALE","FEMALE","FEMALE","MALE","FEMALE","MALE","MALE","FEMALE","FEMALE"],"X_CALENDAR_YEAR":["2008","2008","2008","2008","2008","2008","2008","2009","2009","2009","2009","2009","2009","2009","2009","2010","2010","2010","2010","2010","2010","2010"],"Y_PREVALENCE_1000PP":[23.52941,6.66667,13.69863,12.04819,41.66667,12.73885,26.54867,37.26708,33.61345,22.34637,71.42857,33.33333,24.39024,13.98601,10.10101,19.23077,100,142.85714,31.25,11.23596,6.99301,12.19512]},"PREVALENCE_BY_MONTH":{"X_CALENDAR_MONTH":"200801","Y_PREVALENCE_1000PP":1.02775},"LENGTH_OF_ERA":{"CATEGORY":"Length of era","MIN_VALUE":0,"P10_VALUE":0,"P25_VALUE":0,"MEDIAN_VALUE":0,"P75_VALUE":0,"P90_VALUE":0,"MAX_VALUE":1},"AGE_AT_FIRST_DIAGNOSIS":{"CATEGORY":["FEMALE","MALE"],"MIN_VALUE":[30,41],"P10_VALUE":[66,47],"P25_VALUE":[69,66],"MEDIAN_VALUE":[78,71],"P75_VALUE":[81,76],"P90_VALUE":[89,83],"MAX_VALUE":[97,89]}}
