{"PREVALENCE_BY_GENDER_AGE_YEAR":{"TRELLIS_NAME":["60-69","70-79"],"SERIES_NAME":["FEMALE","MALE"],"X_CALENDAR_YEAR":["2009","2010"],"Y_PREVALENCE_1000PP":[10.10101,5.43478]},"PREVALENCE_BY_MONTH":{"X_CALENDAR_MONTH":[],"Y_PREVALENCE_1000PP":[]},"LENGTH_OF_ERA":{"CATEGORY":"Length of era","MIN_VALUE":0,"P10_VALUE":0,"P25_VALUE":0,"MEDIAN_VALUE":0,"P75_VALUE":0,"P90_VALUE":0,"MAX_VALUE":0},"AGE_AT_FIRST_DIAGNOSIS":{"CATEGORY":["MALE","FEMALE"],"MIN_VALUE":[72,65],"P10_VALUE":[72,65],"P25_VALUE":[72,65],"MEDIAN_VALUE":[72,65],"P75_VALUE":[72,65],"P90_VALUE":[72,65],"MAX_VALUE":[72,65]}}
