{"PREVALENCE_BY_GENDER_AGE_YEAR":{"TRELLIS_NAME":["60-69","70-79","70-79","80-89","60-69","50-59","80-89","50-59","70-79","60-69","90-99","90-99","60-69","80-89"],"SERIES_NAME":["FEMALE","FEMALE","MALE","FEMALE","MALE","MALE","MALE","FEMALE","MALE","MALE","FEMALE","FEMALE","MALE","MALE"],"X_CALENDAR_YEAR":["2008","2008","2008","2008","2008","2008","2008","2008","2009","2009","2009","2010","2010","2010"],"Y_PREVALENCE_1000PP":[26.54867,19.10828,5.88235,27.39726,13.33333,57.14286,24.09639,58.82353,5.58659,8.40336,24.39024,19.23077,9.90099,22.47191]},"PREVALENCE_BY_MONTH":{"X_CALENDAR_MONTH":"200801","Y_PREVALENCE_1000PP":1.02775},"LENGTH_OF_ERA":{"CATEGORY":"Length of era","MIN_VALUE":0,"P10_VALUE":0,"P25_VALUE":0,"MEDIAN_VALUE":0,"P75_VALUE":0,"P90_VALUE":4,"MAX_VALUE":29},"AGE_AT_FIRST_DIAGNOSIS":{"CATEGORY":["FEMALE","MALE"],"MIN_VALUE":[51,51],"P10_VALUE":[62,55],"P25_VALUE":[67,63],"MEDIAN_VALUE":[78,69],"P75_VALUE":[89,82],"P90_VALUE":[92,85],"MAX_VALUE":[96,86]}}
