{"PREVALENCE_BY_GENDER_AGE_YEAR":{"TRELLIS_NAME":["50-59","70-79","80-89","30-39","70-79","70-79","80-89","60-69","90-99","70-79"],"SERIES_NAME":["FEMALE","FEMALE","MALE","FEMALE","MALE","MALE","FEMALE","FEMALE","FEMALE","MALE"],"X_CALENDAR_YEAR":["2008","2008","2008","2008","2008","2009","2009","2009","2009","2010"],"Y_PREVALENCE_1000PP":[117.64706,12.73885,12.04819,125,23.52941,11.17318,13.98601,20.20202,24.39024,5.43478]},"PREVALENCE_BY_MONTH":{"X_CALENDAR_MONTH":["200901","201001"],"Y_PREVALENCE_1000PP":[1.04384,1.07527]},"LENGTH_OF_ERA":{"CATEGORY":"Length of era","MIN_VALUE":0,"P10_VALUE":0,"P25_VALUE":0,"MEDIAN_VALUE":0,"P75_VALUE":0,"P90_VALUE":0,"MAX_VALUE":0},"AGE_AT_FIRST_DIAGNOSIS":{"CATEGORY":["MALE","FEMALE"],"MIN_VALUE":[72,39],"P10_VALUE":[72,39],"P25_VALUE":[73,59],"MEDIAN_VALUE":[75,76],"P75_VALUE":[77,80],"P90_VALUE":[85,99],"MAX_VALUE":[85,99]}}
