{"PREVALENCE_BY_GENDER_AGE_YEAR":{"TRELLIS_NAME":["60-69","70-79","80-89","80-89","60-69","80-89"],"SERIES_NAME":["FEMALE","FEMALE","MALE","FEMALE","FEMALE","FEMALE"],"X_CALENDAR_YEAR":["2008","2008","2008","2009","2009","2010"],"Y_PREVALENCE_1000PP":[8.84956,6.36943,24.09639,6.99301,10.10101,6.99301]},"PREVALENCE_BY_MONTH":{"X_CALENDAR_MONTH":[],"Y_PREVALENCE_1000PP":[]},"LENGTH_OF_ERA":{"CATEGORY":"Length of era","MIN_VALUE":0,"P10_VALUE":0,"P25_VALUE":0,"MEDIAN_VALUE":0,"P75_VALUE":0,"P90_VALUE":11,"MAX_VALUE":11},"AGE_AT_FIRST_DIAGNOSIS":{"CATEGORY":["MALE","FEMALE"],"MIN_VALUE":[82,60],"P10_VALUE":[82,60],"P25_VALUE":[82,65],"MEDIAN_VALUE":[82,73],"P75_VALUE":[87,80],"P90_VALUE":[87,82],"MAX_VALUE":[87,82]}}
