{"PREVALENCE_BY_GENDER_AGE_YEAR":{"TRELLIS_NAME":["70-79","80-89","70-79","90-99"],"SERIES_NAME":["FEMALE","MALE","MALE","MALE"],"X_CALENDAR_YEAR":["2008","2008","2009","2010"],"Y_PREVALENCE_1000PP":[6.36943,12.04819,5.58659,45.45455]},"PREVALENCE_BY_MONTH":{"X_CALENDAR_MONTH":[],"Y_PREVALENCE_1000PP":[]},"LENGTH_OF_ERA":{"CATEGORY":"Length of era","MIN_VALUE":0,"P10_VALUE":0,"P25_VALUE":0,"MEDIAN_VALUE":0,"P75_VALUE":0,"P90_VALUE":0,"MAX_VALUE":0},"AGE_AT_FIRST_DIAGNOSIS":{"CATEGORY":["FEMALE","MALE"],"MIN_VALUE":[77,73],"P10_VALUE":[77,73],"P25_VALUE":[77,73],"MEDIAN_VALUE":[77,81],"P75_VALUE":[77,91],"P90_VALUE":[77,91],"MAX_VALUE":[77,91]}}
