{"PREVALENCE_BY_GENDER_AGE_YEAR":{"TRELLIS_NAME":["80-89","70-79","90-99","70-79","40-49","70-79","60-69","80-89","40-49","90-99","60-69","70-79","60-69","20-29","80-89","70-79","60-69"],"SERIES_NAME":["FEMALE","MALE","FEMALE","FEMALE","MALE","MALE","MALE","FEMALE","MALE","MALE","FEMALE","FEMALE","FEMALE","MALE","MALE","MALE","MALE"],"X_CALENDAR_YEAR":["2008","2008","2008","2008","2008","2009","2009","2009","2009","2009","2009","2009","2010","2010","2010","2010","2010"],"Y_PREVALENCE_1000PP":[13.69863,17.64706,38.46154,12.73885,41.66667,16.75978,25.21008,6.99301,41.66667,142.85714,20.20202,6.21118,24.39024,200,33.70787,5.43478,9.90099]},"PREVALENCE_BY_MONTH":{"X_CALENDAR_MONTH":"200901","Y_PREVALENCE_1000PP":2.08768},"LENGTH_OF_ERA":{"CATEGORY":"Length of era","MIN_VALUE":0,"P10_VALUE":0,"P25_VALUE":0,"MEDIAN_VALUE":0,"P75_VALUE":0,"P90_VALUE":0,"MAX_VALUE":17},"AGE_AT_FIRST_DIAGNOSIS":{"CATEGORY":["FEMALE","MALE"],"MIN_VALUE":[67,29],"P10_VALUE":[67,45],"P25_VALUE":[68,69],"MEDIAN_VALUE":[77,73],"P75_VALUE":[85,84],"P90_VALUE":[89,95],"MAX_VALUE":[98,98]}}
