{"PREVALENCE_BY_GENDER_AGE_YEAR":{"TRELLIS_NAME":["50-59","70-79","70-79"],"SERIES_NAME":["MALE","MALE","MALE"],"X_CALENDAR_YEAR":["2009","2009","2010"],"Y_PREVALENCE_1000PP":[28.57143,5.58659,5.43478]},"PREVALENCE_BY_MONTH":{"X_CALENDAR_MONTH":[],"Y_PREVALENCE_1000PP":[]},"LENGTH_OF_ERA":{"CATEGORY":"Length of era","MIN_VALUE":0,"P10_VALUE":0,"P25_VALUE":0,"MEDIAN_VALUE":0,"P75_VALUE":0,"P90_VALUE":0,"MAX_VALUE":0},"AGE_AT_FIRST_DIAGNOSIS":{"CATEGORY":"MALE","MIN_VALUE":56,"P10_VALUE":56,"P25_VALUE":56,"MEDIAN_VALUE":77,"P75_VALUE":78,"P90_VALUE":78,"MAX_VALUE":78}}
