{"PREVALENCE_BY_GENDER_AGE_YEAR":{"TRELLIS_NAME":["70-79","50-59","80-89","70-79","40-49","70-79","70-79","80-89","80-89","60-69","80-89","80-89"],"SERIES_NAME":["FEMALE","MALE","MALE","MALE","FEMALE","FEMALE","MALE","FEMALE","MALE","FEMALE","FEMALE","MALE"],"X_CALENDAR_YEAR":["2008","2008","2008","2008","2008","2009","2009","2009","2009","2010","2010","2010"],"Y_PREVALENCE_1000PP":[19.10828,28.57143,12.04819,17.64706,66.66667,6.21118,5.58659,6.99301,22.22222,12.19512,20.97902,11.23596]},"PREVALENCE_BY_MONTH":{"X_CALENDAR_MONTH":"200801","Y_PREVALENCE_1000PP":1.02775},"LENGTH_OF_ERA":{"CATEGORY":"Length of era","MIN_VALUE":0,"P10_VALUE":0,"P25_VALUE":0,"MEDIAN_VALUE":0,"P75_VALUE":0,"P90_VALUE":4,"MAX_VALUE":5},"AGE_AT_FIRST_DIAGNOSIS":{"CATEGORY":["FEMALE","MALE"],"MIN_VALUE":[42,57],"P10_VALUE":[42,57],"P25_VALUE":[73,72],"MEDIAN_VALUE":[77,78],"P75_VALUE":[85,88],"P90_VALUE":[85,88],"MAX_VALUE":[88,88]}}
