{"PREVALENCE_BY_GENDER_AGE_YEAR":{"TRELLIS_NAME":["60-69","70-79","40-49","80-89","70-79","70-79"],"SERIES_NAME":["FEMALE","FEMALE","MALE","FEMALE","FEMALE","MALE"],"X_CALENDAR_YEAR":["2008","2008","2008","2008","2009","2009"],"Y_PREVALENCE_1000PP":[8.84956,12.73885,41.66667,6.84932,6.21118,5.58659]},"PREVALENCE_BY_MONTH":{"X_CALENDAR_MONTH":[],"Y_PREVALENCE_1000PP":[]},"LENGTH_OF_ERA":{"CATEGORY":"Length of era","MIN_VALUE":0,"P10_VALUE":0,"P25_VALUE":0,"MEDIAN_VALUE":0,"P75_VALUE":0,"P90_VALUE":20,"MAX_VALUE":20},"AGE_AT_FIRST_DIAGNOSIS":{"CATEGORY":["FEMALE","MALE"],"MIN_VALUE":[69,40],"P10_VALUE":[69,40],"P25_VALUE":[77,40],"MEDIAN_VALUE":[77,40],"P75_VALUE":[77,76],"P90_VALUE":[82,76],"MAX_VALUE":[82,76]}}
