{"PREVALENCE_BY_GENDER_AGE_YEAR":{"TRELLIS_NAME":["90-99","70-79","60-69","70-79","60-69","40-49","80-89","80-89","90-99","30-39","40-49","90-99","50-59","70-79","60-69","50-59","80-89","90-99","60-69","40-49","70-79","30-39","70-79","40-49","70-79","80-89","80-89","60-69","60-69"],"SERIES_NAME":["FEMALE","MALE","FEMALE","FEMALE","MALE","FEMALE","FEMALE","MALE","MALE","MALE","MALE","FEMALE","MALE","MALE","FEMALE","FEMALE","FEMALE","MALE","MALE","FEMALE","FEMALE","FEMALE","FEMALE","FEMALE","MALE","FEMALE","MALE","MALE","FEMALE"],"X_CALENDAR_YEAR":["2008","2008","2008","2008","2008","2008","2008","2008","2008","2008","2009","2009","2009","2009","2009","2009","2009","2009","2009","2009","2009","2010","2010","2010","2010","2010","2010","2010","2010"],"Y_PREVALENCE_1000PP":[76.92308,17.64706,44.24779,25.47771,40,66.66667,27.39726,24.09639,100,100,41.66667,48.78049,57.14286,27.93296,50.50505,71.42857,34.96503,142.85714,33.61345,71.42857,24.84472,142.85714,6.49351,71.42857,16.30435,6.99301,33.70787,9.90099,24.39024]},"PREVALENCE_BY_MONTH":{"X_CALENDAR_MONTH":["200801","200901","201001"],"Y_PREVALENCE_1000PP":[3.08325,2.08768,2.15054]},"LENGTH_OF_ERA":{"CATEGORY":"Length of era","MIN_VALUE":0,"P10_VALUE":0,"P25_VALUE":0,"MEDIAN_VALUE":0,"P75_VALUE":0,"P90_VALUE":2,"MAX_VALUE":20},"AGE_AT_FIRST_DIAGNOSIS":{"CATEGORY":["MALE","FEMALE"],"MIN_VALUE":[35,38],"P10_VALUE":[54,48],"P25_VALUE":[67,66],"MEDIAN_VALUE":[75,73],"P75_VALUE":[79,84],"P90_VALUE":[86,90],"MAX_VALUE":[97,94]}}
