{"PREVALENCE_BY_GENDER_AGE_YEAR":{"TRELLIS_NAME":["70-79","80-89","60-69","60-69","50-59","80-89","70-79","60-69","70-79"],"SERIES_NAME":["FEMALE","MALE","FEMALE","FEMALE","MALE","MALE","MALE","MALE","FEMALE"],"X_CALENDAR_YEAR":["2008","2008","2008","2009","2009","2009","2009","2010","2010"],"Y_PREVALENCE_1000PP":[12.73885,12.04819,8.84956,10.10101,28.57143,22.22222,5.58659,9.90099,12.98701]},"PREVALENCE_BY_MONTH":{"X_CALENDAR_MONTH":["200901","201001"],"Y_PREVALENCE_1000PP":[2.08768,1.07527]},"LENGTH_OF_ERA":{"CATEGORY":"Length of era","MIN_VALUE":0,"P10_VALUE":0,"P25_VALUE":0,"MEDIAN_VALUE":0,"P75_VALUE":0,"P90_VALUE":0,"MAX_VALUE":3},"AGE_AT_FIRST_DIAGNOSIS":{"CATEGORY":["MALE","FEMALE"],"MIN_VALUE":[56,67],"P10_VALUE":[56,67],"P25_VALUE":[68,69],"MEDIAN_VALUE":[74,70],"P75_VALUE":[83,73],"P90_VALUE":[88,75],"MAX_VALUE":[88,75]}}
