{"PREVALENCE_BY_GENDER_AGE_YEAR":{"TRELLIS_NAME":["80-89","60-69","70-79","80-89","70-79","60-69","40-49","70-79","70-79","60-69","60-69","90-99","80-89","70-79","30-39","70-79","40-49","80-89"],"SERIES_NAME":["FEMALE","FEMALE","FEMALE","MALE","MALE","MALE","FEMALE","FEMALE","MALE","FEMALE","MALE","FEMALE","FEMALE","FEMALE","FEMALE","MALE","FEMALE","MALE"],"X_CALENDAR_YEAR":["2008","2008","2008","2008","2008","2008","2008","2009","2009","2009","2009","2009","2009","2010","2010","2010","2010","2010"],"Y_PREVALENCE_1000PP":[13.69863,17.69912,12.73885,12.04819,17.64706,20,66.66667,6.21118,16.75978,20.20202,16.80672,48.78049,41.95804,19.48052,142.85714,10.86957,71.42857,11.23596]},"PREVALENCE_BY_MONTH":{"X_CALENDAR_MONTH":"200901","Y_PREVALENCE_1000PP":2.08768},"LENGTH_OF_ERA":{"CATEGORY":"Length of era","MIN_VALUE":0,"P10_VALUE":0,"P25_VALUE":0,"MEDIAN_VALUE":0,"P75_VALUE":0,"P90_VALUE":0,"MAX_VALUE":20},"AGE_AT_FIRST_DIAGNOSIS":{"CATEGORY":["MALE","FEMALE"],"MIN_VALUE":[62,30],"P10_VALUE":[65,43],"P25_VALUE":[69,66],"MEDIAN_VALUE":[74,77],"P75_VALUE":[78,84],"P90_VALUE":[83,88],"MAX_VALUE":[83,98]}}
