{"PREVALENCE_BY_GENDER_AGE_YEAR":{"TRELLIS_NAME":["60-69","80-89","60-69","50-59"],"SERIES_NAME":["FEMALE","FEMALE","MALE","FEMALE"],"X_CALENDAR_YEAR":["2008","2008","2009","2009"],"Y_PREVALENCE_1000PP":[8.84956,6.84932,8.40336,71.42857]},"PREVALENCE_BY_MONTH":{"X_CALENDAR_MONTH":[],"Y_PREVALENCE_1000PP":[]},"LENGTH_OF_ERA":{"CATEGORY":"Length of era","MIN_VALUE":0,"P10_VALUE":0,"P25_VALUE":0,"MEDIAN_VALUE":0,"P75_VALUE":0,"P90_VALUE":0,"MAX_VALUE":0},"AGE_AT_FIRST_DIAGNOSIS":{"CATEGORY":["FEMALE","MALE"],"MIN_VALUE":[51,64],"P10_VALUE":[51,64],"P25_VALUE":[51,64],"MEDIAN_VALUE":[69,64],"P75_VALUE":[81,64],"P90_VALUE":[81,64],"MAX_VALUE":[81,64]}}
