{"PREVALENCE_BY_GENDER_AGE_YEAR":{"TRELLIS_NAME":["70-79","60-69","40-49","80-89","40-49","70-79","60-69"],"SERIES_NAME":["FEMALE","MALE","FEMALE","FEMALE","MALE","MALE","MALE"],"X_CALENDAR_YEAR":["2008","2008","2008","2009","2009","2009","2010"],"Y_PREVALENCE_1000PP":[6.36943,13.33333,66.66667,6.99301,41.66667,5.58659,9.90099]},"PREVALENCE_BY_MONTH":{"X_CALENDAR_MONTH":[],"Y_PREVALENCE_1000PP":[]},"LENGTH_OF_ERA":{"CATEGORY":"Length of era","MIN_VALUE":0,"P10_VALUE":0,"P25_VALUE":0,"MEDIAN_VALUE":0,"P75_VALUE":0,"P90_VALUE":4,"MAX_VALUE":4},"AGE_AT_FIRST_DIAGNOSIS":{"CATEGORY":["MALE","FEMALE"],"MIN_VALUE":[48,49],"P10_VALUE":[48,49],"P25_VALUE":[62,49],"MEDIAN_VALUE":[65,78],"P75_VALUE":[69,86],"P90_VALUE":[74,86],"MAX_VALUE":[74,86]}}
