{"PREVALENCE_BY_GENDER_AGE_YEAR":{"TRELLIS_NAME":["80-89","70-79","70-79","80-89"],"SERIES_NAME":["FEMALE","FEMALE","MALE","FEMALE"],"X_CALENDAR_YEAR":["2008","2009","2009","2010"],"Y_PREVALENCE_1000PP":[6.84932,6.21118,5.58659,6.99301]},"PREVALENCE_BY_MONTH":{"X_CALENDAR_MONTH":[],"Y_PREVALENCE_1000PP":[]},"LENGTH_OF_ERA":{"CATEGORY":"Length of era","MIN_VALUE":0,"P10_VALUE":0,"P25_VALUE":0,"MEDIAN_VALUE":0,"P75_VALUE":2,"P90_VALUE":5,"MAX_VALUE":5},"AGE_AT_FIRST_DIAGNOSIS":{"CATEGORY":["FEMALE","MALE"],"MIN_VALUE":[79,70],"P10_VALUE":[79,70],"P25_VALUE":[79,70],"MEDIAN_VALUE":[81,70],"P75_VALUE":[87,70],"P90_VALUE":[87,70],"MAX_VALUE":[87,70]}}
