{"PREVALENCE_BY_GENDER_AGE_YEAR":{"TRELLIS_NAME":["60-69","40-49","70-79","70-79","60-69","80-89","80-89","50-59","90-99","90-99","80-89","70-79","80-89","50-59","90-99","60-69","50-59","60-69","80-89","70-79","70-79","60-69","60-69"],"SERIES_NAME":["FEMALE","FEMALE","MALE","FEMALE","MALE","MALE","FEMALE","FEMALE","MALE","FEMALE","FEMALE","MALE","MALE","MALE","FEMALE","MALE","FEMALE","FEMALE","FEMALE","MALE","FEMALE","MALE","FEMALE"],"X_CALENDAR_YEAR":["2008","2008","2008","2008","2008","2008","2008","2008","2008","2008","2009","2009","2009","2009","2009","2009","2009","2009","2010","2010","2010","2010","2010"],"Y_PREVALENCE_1000PP":[17.69912,66.66667,41.17647,38.21656,20,24.09639,34.24658,58.82353,100,76.92308,27.97203,22.34637,22.22222,57.14286,48.78049,25.21008,71.42857,50.50505,6.99301,10.86957,6.49351,19.80198,24.39024]},"PREVALENCE_BY_MONTH":{"X_CALENDAR_MONTH":["200901","201001"],"Y_PREVALENCE_1000PP":[3.13152,2.15054]},"LENGTH_OF_ERA":{"CATEGORY":"Length of era","MIN_VALUE":0,"P10_VALUE":0,"P25_VALUE":0,"MEDIAN_VALUE":0,"P75_VALUE":0,"P90_VALUE":0,"MAX_VALUE":11},"AGE_AT_FIRST_DIAGNOSIS":{"CATEGORY":["FEMALE","MALE"],"MIN_VALUE":[49,53],"P10_VALUE":[59,66],"P25_VALUE":[66,69],"MEDIAN_VALUE":[73,74],"P75_VALUE":[84,77],"P90_VALUE":[90,82],"MAX_VALUE":[97,99]}}
