{"PREVALENCE_BY_GENDER_AGE_YEAR":{"TRELLIS_NAME":["80-89","70-79","60-69","70-79","70-79","60-69","90-99","70-79","70-79"],"SERIES_NAME":["MALE","MALE","MALE","FEMALE","MALE","MALE","FEMALE","FEMALE","MALE"],"X_CALENDAR_YEAR":["2008","2008","2008","2009","2009","2010","2010","2010","2010"],"Y_PREVALENCE_1000PP":[12.04819,5.88235,6.66667,6.21118,5.58659,9.90099,19.23077,6.49351,5.43478]},"PREVALENCE_BY_MONTH":{"X_CALENDAR_MONTH":[],"Y_PREVALENCE_1000PP":[]},"LENGTH_OF_ERA":{"CATEGORY":"Length of era","MIN_VALUE":0,"P10_VALUE":0,"P25_VALUE":0,"MEDIAN_VALUE":0,"P75_VALUE":0,"P90_VALUE":0,"MAX_VALUE":0},"AGE_AT_FIRST_DIAGNOSIS":{"CATEGORY":["MALE","FEMALE"],"MIN_VALUE":[65,70],"P10_VALUE":[65,70],"P25_VALUE":[66,70],"MEDIAN_VALUE":[73,71],"P75_VALUE":[78,90],"P90_VALUE":[88,90],"MAX_VALUE":[88,90]}}
