{"PREVALENCE_BY_GENDER_AGE_YEAR":{"TRELLIS_NAME":["60-69","80-89","80-89","50-59","60-69","70-79","70-79","80-89","70-79"],"SERIES_NAME":["FEMALE","FEMALE","MALE","MALE","FEMALE","MALE","FEMALE","FEMALE","FEMALE"],"X_CALENDAR_YEAR":["2008","2008","2008","2009","2009","2009","2009","2009","2010"],"Y_PREVALENCE_1000PP":[35.39823,6.84932,12.04819,28.57143,10.10101,5.58659,24.84472,6.99301,6.49351]},"PREVALENCE_BY_MONTH":{"X_CALENDAR_MONTH":"200901","Y_PREVALENCE_1000PP":1.04384},"LENGTH_OF_ERA":{"CATEGORY":"Length of era","MIN_VALUE":0,"P10_VALUE":0,"P25_VALUE":0,"MEDIAN_VALUE":0,"P75_VALUE":0,"P90_VALUE":0,"MAX_VALUE":0},"AGE_AT_FIRST_DIAGNOSIS":{"CATEGORY":["FEMALE","MALE"],"MIN_VALUE":[65,53],"P10_VALUE":[66,53],"P25_VALUE":[66,53],"MEDIAN_VALUE":[73,75],"P75_VALUE":[75,89],"P90_VALUE":[83,89],"MAX_VALUE":[89,89]}}
