{"PREVALENCE_BY_GENDER_AGE_YEAR":{"TRELLIS_NAME":["80-89","70-79","80-89","90-99","90-99","70-79","80-89","20-29","60-69","60-69","90-99","40-49","70-79","80-89","70-79","80-89","60-69","70-79","40-49","70-79"],"SERIES_NAME":["FEMALE","MALE","MALE","FEMALE","MALE","FEMALE","FEMALE","MALE","FEMALE","MALE","FEMALE","FEMALE","MALE","MALE","FEMALE","FEMALE","MALE","FEMALE","MALE","MALE"],"X_CALENDAR_YEAR":["2008","2008","2008","2008","2008","2008","2009","2009","2009","2009","2009","2009","2009","2009","2009","2010","2010","2010","2010","2010"],"Y_PREVALENCE_1000PP":[27.39726,11.76471,12.04819,38.46154,100,19.10828,6.99301,285.71429,10.10101,8.40336,24.39024,71.42857,22.34637,11.11111,6.21118,6.99301,9.90099,12.98701,50,5.43478]},"PREVALENCE_BY_MONTH":{"X_CALENDAR_MONTH":[],"Y_PREVALENCE_1000PP":[]},"LENGTH_OF_ERA":{"CATEGORY":"Length of era","MIN_VALUE":0,"P10_VALUE":0,"P25_VALUE":0,"MEDIAN_VALUE":0,"P75_VALUE":0,"P90_VALUE":0,"MAX_VALUE":5},"AGE_AT_FIRST_DIAGNOSIS":{"CATEGORY":["MALE","FEMALE"],"MIN_VALUE":[28,42],"P10_VALUE":[28,67],"P25_VALUE":[62,73],"MEDIAN_VALUE":[77,79],"P75_VALUE":[79,83],"P90_VALUE":[81,92],"MAX_VALUE":[99,94]}}
