{"PREVALENCE_BY_GENDER_AGE_YEAR":{"TRELLIS_NAME":["90-99","60-69","70-79","80-89","90-99","70-79"],"SERIES_NAME":["FEMALE","FEMALE","FEMALE","FEMALE","MALE","MALE"],"X_CALENDAR_YEAR":["2009","2009","2009","2010","2010","2010"],"Y_PREVALENCE_1000PP":[24.39024,10.10101,6.21118,20.97902,45.45455,5.43478]},"PREVALENCE_BY_MONTH":{"X_CALENDAR_MONTH":"201001","Y_PREVALENCE_1000PP":1.07527},"LENGTH_OF_ERA":{"CATEGORY":"Length of era","MIN_VALUE":0,"P10_VALUE":0,"P25_VALUE":0,"MEDIAN_VALUE":0,"P75_VALUE":3,"P90_VALUE":20,"MAX_VALUE":20},"AGE_AT_FIRST_DIAGNOSIS":{"CATEGORY":["MALE","FEMALE"],"MIN_VALUE":[72,67],"P10_VALUE":[72,67],"P25_VALUE":[72,74],"MEDIAN_VALUE":[72,81],"P75_VALUE":[91,85],"P90_VALUE":[91,90],"MAX_VALUE":[91,90]}}
