{"PREVALENCE_BY_GENDER_AGE_YEAR":{"TRELLIS_NAME":["80-89","30-39","70-79","70-79","80-89","70-79"],"SERIES_NAME":["FEMALE","FEMALE","FEMALE","MALE","FEMALE","FEMALE"],"X_CALENDAR_YEAR":["2008","2009","2009","2009","2010","2010"],"Y_PREVALENCE_1000PP":[13.69863,125,6.21118,11.17318,6.99301,6.49351]},"PREVALENCE_BY_MONTH":{"X_CALENDAR_MONTH":[],"Y_PREVALENCE_1000PP":[]},"LENGTH_OF_ERA":{"CATEGORY":"Length of era","MIN_VALUE":0,"P10_VALUE":0,"P25_VALUE":0,"MEDIAN_VALUE":0,"P75_VALUE":0,"P90_VALUE":9,"MAX_VALUE":9},"AGE_AT_FIRST_DIAGNOSIS":{"CATEGORY":["FEMALE","MALE"],"MIN_VALUE":[37,77],"P10_VALUE":[37,77],"P25_VALUE":[72,77],"MEDIAN_VALUE":[76,77],"P75_VALUE":[86,78],"P90_VALUE":[89,78],"MAX_VALUE":[89,78]}}
