{"PREVALENCE_BY_GENDER_AGE_YEAR":{"TRELLIS_NAME":["70-79","70-79","80-89","90-99","80-89","60-69","70-79","70-79","60-69","80-89","40-49","100-109","70-79","90-99","90-99","70-79","80-89"],"SERIES_NAME":["MALE","FEMALE","FEMALE","FEMALE","MALE","FEMALE","MALE","FEMALE","MALE","FEMALE","FEMALE","FEMALE","MALE","FEMALE","MALE","FEMALE","FEMALE"],"X_CALENDAR_YEAR":["2008","2008","2008","2009","2009","2009","2009","2009","2009","2009","2009","2010","2010","2010","2010","2010","2010"],"Y_PREVALENCE_1000PP":[11.76471,12.73885,20.54795,24.39024,22.22222,20.20202,16.75978,18.63354,8.40336,6.99301,71.42857,1000,16.30435,19.23077,45.45455,12.98701,6.99301]},"PREVALENCE_BY_MONTH":{"X_CALENDAR_MONTH":["200901","201001"],"Y_PREVALENCE_1000PP":[1.04384,1.07527]},"LENGTH_OF_ERA":{"CATEGORY":"Length of era","MIN_VALUE":0,"P10_VALUE":0,"P25_VALUE":0,"MEDIAN_VALUE":0,"P75_VALUE":0,"P90_VALUE":0,"MAX_VALUE":1},"AGE_AT_FIRST_DIAGNOSIS":{"CATEGORY":["MALE","FEMALE"],"MIN_VALUE":[66,42],"P10_VALUE":[70,68],"P25_VALUE":[70,70],"MEDIAN_VALUE":[76,75],"P75_VALUE":[79,87],"P90_VALUE":[87,98],"MAX_VALUE":[96,100]}}
