{"PREVALENCE_BY_GENDER_AGE_YEAR":{"TRELLIS_NAME":["70-79","80-89","50-59","80-89","50-59","70-79","50-59","60-69","80-89","70-79","70-79","60-69"],"SERIES_NAME":["MALE","FEMALE","MALE","MALE","FEMALE","MALE","MALE","FEMALE","FEMALE","FEMALE","MALE","FEMALE"],"X_CALENDAR_YEAR":["2008","2008","2008","2008","2008","2009","2009","2009","2009","2009","2010","2010"],"Y_PREVALENCE_1000PP":[5.88235,6.84932,57.14286,12.04819,58.82353,5.58659,28.57143,10.10101,13.98601,6.21118,5.43478,12.19512]},"PREVALENCE_BY_MONTH":{"X_CALENDAR_MONTH":[],"Y_PREVALENCE_1000PP":[]},"LENGTH_OF_ERA":{"CATEGORY":"Length of era","MIN_VALUE":0,"P10_VALUE":0,"P25_VALUE":0,"MEDIAN_VALUE":0,"P75_VALUE":3,"P90_VALUE":5,"MAX_VALUE":9},"AGE_AT_FIRST_DIAGNOSIS":{"CATEGORY":["MALE","FEMALE"],"MIN_VALUE":[52,55],"P10_VALUE":[52,55],"P25_VALUE":[57,68],"MEDIAN_VALUE":[73,74],"P75_VALUE":[76,81],"P90_VALUE":[89,83],"MAX_VALUE":[89,83]}}
