{"PREVALENCE_BY_GENDER_AGE_YEAR":{"TRELLIS_NAME":["90-99","80-89","90-99","80-89"],"SERIES_NAME":["FEMALE","MALE","MALE","MALE"],"X_CALENDAR_YEAR":["2009","2009","2010","2010"],"Y_PREVALENCE_1000PP":[24.39024,11.11111,45.45455,11.23596]},"PREVALENCE_BY_MONTH":{"X_CALENDAR_MONTH":[],"Y_PREVALENCE_1000PP":[]},"LENGTH_OF_ERA":{"CATEGORY":"Length of era","MIN_VALUE":0,"P10_VALUE":0,"P25_VALUE":0,"MEDIAN_VALUE":0,"P75_VALUE":0,"P90_VALUE":2,"MAX_VALUE":2},"AGE_AT_FIRST_DIAGNOSIS":{"CATEGORY":["FEMALE","MALE"],"MIN_VALUE":[95,80],"P10_VALUE":[95,80],"P25_VALUE":[95,80],"MEDIAN_VALUE":[95,84],"P75_VALUE":[95,96],"P90_VALUE":[95,96],"MAX_VALUE":[95,96]}}
