{"PREVALENCE_BY_GENDER_AGE_YEAR":{"TRELLIS_NAME":["70-79","80-89","80-89","70-79","90-99","70-79","80-89","60-69","40-49","80-89","70-79","80-89","70-79","70-79","50-59","60-69","80-89"],"SERIES_NAME":["MALE","FEMALE","MALE","FEMALE","FEMALE","FEMALE","MALE","MALE","MALE","FEMALE","MALE","MALE","MALE","FEMALE","MALE","MALE","FEMALE"],"X_CALENDAR_YEAR":["2008","2008","2008","2008","2009","2009","2009","2009","2009","2009","2009","2010","2010","2010","2010","2010","2010"],"Y_PREVALENCE_1000PP":[5.88235,20.54795,12.04819,25.47771,48.78049,12.42236,11.11111,8.40336,83.33333,13.98601,22.34637,22.47191,21.73913,6.49351,31.25,9.90099,6.99301]},"PREVALENCE_BY_MONTH":{"X_CALENDAR_MONTH":"200801","Y_PREVALENCE_1000PP":1.02775},"LENGTH_OF_ERA":{"CATEGORY":"Length of era","MIN_VALUE":0,"P10_VALUE":0,"P25_VALUE":0,"MEDIAN_VALUE":0,"P75_VALUE":0,"P90_VALUE":0,"MAX_VALUE":0},"AGE_AT_FIRST_DIAGNOSIS":{"CATEGORY":["MALE","FEMALE"],"MIN_VALUE":[41,70],"P10_VALUE":[42,72],"P25_VALUE":[66,74],"MEDIAN_VALUE":[73,81],"P75_VALUE":[78,89],"P90_VALUE":[83,96],"MAX_VALUE":[86,96]}}
