{"PREVALENCE_BY_GENDER_AGE_YEAR":{"TRELLIS_NAME":["70-79","60-69","50-59","90-99","40-49","60-69","40-49","90-99"],"SERIES_NAME":["MALE","MALE","MALE","MALE","MALE","FEMALE","MALE","FEMALE"],"X_CALENDAR_YEAR":["2008","2008","2008","2008","2008","2009","2009","2010"],"Y_PREVALENCE_1000PP":[5.88235,6.66667,28.57143,100,41.66667,10.10101,41.66667,19.23077]},"PREVALENCE_BY_MONTH":{"X_CALENDAR_MONTH":[],"Y_PREVALENCE_1000PP":[]},"LENGTH_OF_ERA":{"CATEGORY":"Length of era","MIN_VALUE":0,"P10_VALUE":0,"P25_VALUE":0,"MEDIAN_VALUE":2,"P75_VALUE":8,"P90_VALUE":35,"MAX_VALUE":35},"AGE_AT_FIRST_DIAGNOSIS":{"CATEGORY":["FEMALE","MALE"],"MIN_VALUE":[69,41],"P10_VALUE":[69,41],"P25_VALUE":[69,49],"MEDIAN_VALUE":[69,56],"P75_VALUE":[97,72],"P90_VALUE":[97,99],"MAX_VALUE":[97,99]}}
