{"PREVALENCE_BY_GENDER_AGE_YEAR":{"TRELLIS_NAME":["80-89","70-79","40-49"],"SERIES_NAME":["MALE","FEMALE","FEMALE"],"X_CALENDAR_YEAR":["2008","2008","2010"],"Y_PREVALENCE_1000PP":[12.04819,6.36943,71.42857]},"PREVALENCE_BY_MONTH":{"X_CALENDAR_MONTH":[],"Y_PREVALENCE_1000PP":[]},"LENGTH_OF_ERA":{"CATEGORY":"Length of era","MIN_VALUE":0,"P10_VALUE":0,"P25_VALUE":0,"MEDIAN_VALUE":0,"P75_VALUE":0,"P90_VALUE":0,"MAX_VALUE":0},"AGE_AT_FIRST_DIAGNOSIS":{"CATEGORY":["MALE","FEMALE"],"MIN_VALUE":[81,47],"P10_VALUE":[81,47],"P25_VALUE":[81,47],"MEDIAN_VALUE":[81,47],"P75_VALUE":[81,78],"P90_VALUE":[81,78],"MAX_VALUE":[81,78]}}
