{"PREVALENCE_BY_GENDER_AGE_YEAR":{"TRELLIS_NAME":["70-79","70-79","90-99","70-79","60-69","90-99","80-89","70-79"],"SERIES_NAME":["MALE","FEMALE","MALE","FEMALE","MALE","MALE","FEMALE","MALE"],"X_CALENDAR_YEAR":["2008","2008","2008","2009","2009","2009","2009","2010"],"Y_PREVALENCE_1000PP":[5.88235,6.36943,100,6.21118,8.40336,71.42857,20.97902,5.43478]},"PREVALENCE_BY_MONTH":{"X_CALENDAR_MONTH":[],"Y_PREVALENCE_1000PP":[]},"LENGTH_OF_ERA":{"CATEGORY":"Length of era","MIN_VALUE":0,"P10_VALUE":0,"P25_VALUE":0,"MEDIAN_VALUE":0,"P75_VALUE":0,"P90_VALUE":0,"MAX_VALUE":0},"AGE_AT_FIRST_DIAGNOSIS":{"CATEGORY":["FEMALE","MALE"],"MIN_VALUE":[70,69],"P10_VALUE":[70,69],"P25_VALUE":[76,75],"MEDIAN_VALUE":[81,79],"P75_VALUE":[85,95],"P90_VALUE":[86,98],"MAX_VALUE":[86,98]}}
