{"PREVALENCE_BY_GENDER_AGE_YEAR":{"TRELLIS_NAME":["60-69","80-89","70-79"],"SERIES_NAME":["FEMALE","MALE","FEMALE"],"X_CALENDAR_YEAR":["2008","2008","2010"],"Y_PREVALENCE_1000PP":[8.84956,12.04819,6.49351]},"PREVALENCE_BY_MONTH":{"X_CALENDAR_MONTH":[],"Y_PREVALENCE_1000PP":[]},"LENGTH_OF_ERA":{"CATEGORY":"Length of era","MIN_VALUE":0,"P10_VALUE":0,"P25_VALUE":0,"MEDIAN_VALUE":0,"P75_VALUE":5,"P90_VALUE":5,"MAX_VALUE":5},"AGE_AT_FIRST_DIAGNOSIS":{"CATEGORY":["MALE","FEMALE"],"MIN_VALUE":[82,67],"P10_VALUE":[82,67],"P25_VALUE":[82,67],"MEDIAN_VALUE":[82,67],"P75_VALUE":[82,74],"P90_VALUE":[82,74],"MAX_VALUE":[82,74]}}
