{"PREVALENCE_BY_GENDER_AGE_YEAR":{"TRELLIS_NAME":["90-99","100-109"],"SERIES_NAME":["FEMALE","MALE"],"X_CALENDAR_YEAR":["2010","2010"],"Y_PREVALENCE_1000PP":[19.23077,500]},"PREVALENCE_BY_MONTH":{"X_CALENDAR_MONTH":[],"Y_PREVALENCE_1000PP":[]},"LENGTH_OF_ERA":{"CATEGORY":"Length of era","MIN_VALUE":0,"P10_VALUE":0,"P25_VALUE":0,"MEDIAN_VALUE":0,"P75_VALUE":0,"P90_VALUE":0,"MAX_VALUE":0},"AGE_AT_FIRST_DIAGNOSIS":{"CATEGORY":["MALE","FEMALE"],"MIN_VALUE":[101,97],"P10_VALUE":[101,97],"P25_VALUE":[101,97],"MEDIAN_VALUE":[101,97],"P75_VALUE":[101,97],"P90_VALUE":[101,97],"MAX_VALUE":[101,97]}}
