{"PREVALENCE_BY_GENDER_AGE_YEAR":{"TRELLIS_NAME":["80-89","70-79","90-99","50-59","80-89","40-49","80-89"],"SERIES_NAME":["MALE","FEMALE","MALE","MALE","MALE","FEMALE","MALE"],"X_CALENDAR_YEAR":["2008","2008","2009","2009","2009","2010","2010"],"Y_PREVALENCE_1000PP":[12.04819,6.36943,71.42857,28.57143,11.11111,71.42857,11.23596]},"PREVALENCE_BY_MONTH":{"X_CALENDAR_MONTH":[],"Y_PREVALENCE_1000PP":[]},"LENGTH_OF_ERA":{"CATEGORY":"Length of era","MIN_VALUE":0,"P10_VALUE":0,"P25_VALUE":0,"MEDIAN_VALUE":0,"P75_VALUE":0,"P90_VALUE":0,"MAX_VALUE":0},"AGE_AT_FIRST_DIAGNOSIS":{"CATEGORY":["FEMALE","MALE"],"MIN_VALUE":[45,58],"P10_VALUE":[45,58],"P25_VALUE":[45,85],"MEDIAN_VALUE":[45,86],"P75_VALUE":[78,88],"P90_VALUE":[78,95],"MAX_VALUE":[78,95]}}
