{"PREVALENCE_BY_GENDER_AGE_YEAR":{"TRELLIS_NAME":["80-89","60-69","70-79","80-89","70-79"],"SERIES_NAME":["FEMALE","FEMALE","FEMALE","MALE","FEMALE"],"X_CALENDAR_YEAR":["2008","2008","2008","2009","2010"],"Y_PREVALENCE_1000PP":[6.84932,8.84956,6.36943,11.11111,6.49351]},"PREVALENCE_BY_MONTH":{"X_CALENDAR_MONTH":[],"Y_PREVALENCE_1000PP":[]},"LENGTH_OF_ERA":{"CATEGORY":"Length of era","MIN_VALUE":0,"P10_VALUE":0,"P25_VALUE":0,"MEDIAN_VALUE":0,"P75_VALUE":0,"P90_VALUE":0,"MAX_VALUE":0},"AGE_AT_FIRST_DIAGNOSIS":{"CATEGORY":["MALE","FEMALE"],"MIN_VALUE":[86,65],"P10_VALUE":[86,65],"P25_VALUE":[86,65],"MEDIAN_VALUE":[86,75],"P75_VALUE":[86,79],"P90_VALUE":[86,84],"MAX_VALUE":[86,84]}}
