{"PREVALENCE_BY_GENDER_AGE_YEAR":{"TRELLIS_NAME":["60-69","60-69","70-79","70-79","80-89","50-59"],"SERIES_NAME":["MALE","FEMALE","FEMALE","MALE","FEMALE","MALE"],"X_CALENDAR_YEAR":["2008","2008","2008","2009","2009","2009"],"Y_PREVALENCE_1000PP":[6.66667,8.84956,12.73885,16.75978,20.97902,28.57143]},"PREVALENCE_BY_MONTH":{"X_CALENDAR_MONTH":"200901","Y_PREVALENCE_1000PP":1.04384},"LENGTH_OF_ERA":{"CATEGORY":"Length of era","MIN_VALUE":0,"P10_VALUE":0,"P25_VALUE":0,"MEDIAN_VALUE":0,"P75_VALUE":0,"P90_VALUE":0,"MAX_VALUE":0},"AGE_AT_FIRST_DIAGNOSIS":{"CATEGORY":["MALE","FEMALE"],"MIN_VALUE":[58,68],"P10_VALUE":[58,68],"P25_VALUE":[65,70],"MEDIAN_VALUE":[73,78],"P75_VALUE":[76,84],"P90_VALUE":[79,86],"MAX_VALUE":[79,86]}}
