{"PREVALENCE_BY_GENDER_AGE_YEAR":{"TRELLIS_NAME":["80-89","60-69","70-79","80-89","40-49","70-79","90-99","60-69","80-89","40-49","50-59","70-79","90-99","60-69","70-79"],"SERIES_NAME":["FEMALE","FEMALE","FEMALE","MALE","MALE","MALE","FEMALE","FEMALE","MALE","MALE","MALE","MALE","FEMALE","MALE","MALE"],"X_CALENDAR_YEAR":["2008","2008","2008","2008","2008","2008","2008","2009","2009","2009","2009","2009","2010","2010","2010"],"Y_PREVALENCE_1000PP":[6.84932,8.84956,6.36943,12.04819,41.66667,11.76471,38.46154,30.30303,33.33333,41.66667,28.57143,5.58659,19.23077,19.80198,5.43478]},"PREVALENCE_BY_MONTH":{"X_CALENDAR_MONTH":["200801","200901"],"Y_PREVALENCE_1000PP":[1.02775,1.04384]},"LENGTH_OF_ERA":{"CATEGORY":"Length of era","MIN_VALUE":0,"P10_VALUE":0,"P25_VALUE":0,"MEDIAN_VALUE":0,"P75_VALUE":0,"P90_VALUE":0,"MAX_VALUE":2},"AGE_AT_FIRST_DIAGNOSIS":{"CATEGORY":["MALE","FEMALE"],"MIN_VALUE":[48,66],"P10_VALUE":[48,66],"P25_VALUE":[51,67],"MEDIAN_VALUE":[71,69],"P75_VALUE":[81,87],"P90_VALUE":[83,97],"MAX_VALUE":[88,97]}}
