{"PREVALENCE_BY_GENDER_AGE_YEAR":{"TRELLIS_NAME":["60-69","80-89","70-79","20-29","80-89","60-69"],"SERIES_NAME":["MALE","MALE","MALE","MALE","FEMALE","MALE"],"X_CALENDAR_YEAR":["2008","2008","2008","2009","2010","2010"],"Y_PREVALENCE_1000PP":[6.66667,12.04819,5.88235,142.85714,6.99301,9.90099]},"PREVALENCE_BY_MONTH":{"X_CALENDAR_MONTH":[],"Y_PREVALENCE_1000PP":[]},"LENGTH_OF_ERA":{"CATEGORY":"Length of era","MIN_VALUE":0,"P10_VALUE":0,"P25_VALUE":0,"MEDIAN_VALUE":0,"P75_VALUE":0,"P90_VALUE":4,"MAX_VALUE":4},"AGE_AT_FIRST_DIAGNOSIS":{"CATEGORY":["MALE","FEMALE"],"MIN_VALUE":[28,81],"P10_VALUE":[28,81],"P25_VALUE":[60,81],"MEDIAN_VALUE":[66,81],"P75_VALUE":[76,81],"P90_VALUE":[81,81],"MAX_VALUE":[81,81]}}
