{"PREVALENCE_BY_GENDER_AGE_YEAR":{"TRELLIS_NAME":["80-89","70-79","90-99"],"SERIES_NAME":["MALE","FEMALE","MALE"],"X_CALENDAR_YEAR":["2008","2008","2010"],"Y_PREVALENCE_1000PP":[12.04819,6.36943,90.90909]},"PREVALENCE_BY_MONTH":{"X_CALENDAR_MONTH":"201001","Y_PREVALENCE_1000PP":1.07527},"LENGTH_OF_ERA":{"CATEGORY":"Length of era","MIN_VALUE":0,"P10_VALUE":0,"P25_VALUE":0,"MEDIAN_VALUE":0,"P75_VALUE":0,"P90_VALUE":3,"MAX_VALUE":3},"AGE_AT_FIRST_DIAGNOSIS":{"CATEGORY":["FEMALE","MALE"],"MIN_VALUE":[76,80],"P10_VALUE":[76,80],"P25_VALUE":[76,80],"MEDIAN_VALUE":[76,90],"P75_VALUE":[76,91],"P90_VALUE":[76,91],"MAX_VALUE":[76,91]}}
