{"PREVALENCE_BY_GENDER_AGE_YEAR":{"TRELLIS_NAME":["80-89","50-59","70-79","60-69","90-99","40-49","70-79","50-59","60-69","20-29","70-79","80-89","60-69"],"SERIES_NAME":["FEMALE","FEMALE","MALE","MALE","MALE","MALE","MALE","MALE","FEMALE","MALE","FEMALE","FEMALE","MALE"],"X_CALENDAR_YEAR":["2008","2008","2008","2008","2008","2008","2009","2009","2009","2009","2009","2010","2010"],"Y_PREVALENCE_1000PP":[6.84932,58.82353,5.88235,6.66667,100,41.66667,5.58659,28.57143,10.10101,142.85714,6.21118,20.97902,19.80198]},"PREVALENCE_BY_MONTH":{"X_CALENDAR_MONTH":[],"Y_PREVALENCE_1000PP":[]},"LENGTH_OF_ERA":{"CATEGORY":"Length of era","MIN_VALUE":0,"P10_VALUE":0,"P25_VALUE":0,"MEDIAN_VALUE":0,"P75_VALUE":0,"P90_VALUE":0,"MAX_VALUE":0},"AGE_AT_FIRST_DIAGNOSIS":{"CATEGORY":["FEMALE","MALE"],"MIN_VALUE":[55,28],"P10_VALUE":[55,28],"P25_VALUE":[62,59],"MEDIAN_VALUE":[72,69],"P75_VALUE":[83,79],"P90_VALUE":[84,94],"MAX_VALUE":[84,94]}}
