{"PREVALENCE_BY_GENDER_AGE_YEAR":{"TRELLIS_NAME":["80-89","70-79","80-89","80-89","80-89","70-79","70-79"],"SERIES_NAME":["FEMALE","FEMALE","MALE","FEMALE","MALE","FEMALE","MALE"],"X_CALENDAR_YEAR":["2008","2008","2008","2009","2009","2009","2010"],"Y_PREVALENCE_1000PP":[6.84932,6.36943,12.04819,6.99301,22.22222,6.21118,5.43478]},"PREVALENCE_BY_MONTH":{"X_CALENDAR_MONTH":"200801","Y_PREVALENCE_1000PP":1.02775},"LENGTH_OF_ERA":{"CATEGORY":"Length of era","MIN_VALUE":0,"P10_VALUE":0,"P25_VALUE":0,"MEDIAN_VALUE":0,"P75_VALUE":0,"P90_VALUE":9,"MAX_VALUE":9},"AGE_AT_FIRST_DIAGNOSIS":{"CATEGORY":["MALE","FEMALE"],"MIN_VALUE":[70,70],"P10_VALUE":[70,70],"P25_VALUE":[70,70],"MEDIAN_VALUE":[85,74],"P75_VALUE":[88,84],"P90_VALUE":[88,85],"MAX_VALUE":[88,85]}}
