{"PREVALENCE_BY_GENDER_AGE_YEAR":{"TRELLIS_NAME":["80-89","60-69","90-99","80-89","80-89","90-99","50-59","70-79"],"SERIES_NAME":["FEMALE","MALE","FEMALE","MALE","FEMALE","FEMALE","MALE","FEMALE"],"X_CALENDAR_YEAR":["2008","2008","2009","2009","2009","2010","2010","2010"],"Y_PREVALENCE_1000PP":[6.84932,13.33333,24.39024,11.11111,6.99301,19.23077,31.25,6.49351]},"PREVALENCE_BY_MONTH":{"X_CALENDAR_MONTH":[],"Y_PREVALENCE_1000PP":[]},"LENGTH_OF_ERA":{"CATEGORY":"Length of era","MIN_VALUE":0,"P10_VALUE":0,"P25_VALUE":0,"MEDIAN_VALUE":0,"P75_VALUE":0,"P90_VALUE":0,"MAX_VALUE":0},"AGE_AT_FIRST_DIAGNOSIS":{"CATEGORY":["MALE","FEMALE"],"MIN_VALUE":[58,71],"P10_VALUE":[58,71],"P25_VALUE":[58,82],"MEDIAN_VALUE":[65,86],"P75_VALUE":[68,90],"P90_VALUE":[85,99],"MAX_VALUE":[85,99]}}
