{"PREVALENCE_BY_GENDER_AGE_YEAR":{"TRELLIS_NAME":["70-79","70-79","80-89","60-69","70-79","60-69","70-79","80-89","80-89","70-79"],"SERIES_NAME":["MALE","FEMALE","FEMALE","FEMALE","FEMALE","MALE","MALE","FEMALE","FEMALE","MALE"],"X_CALENDAR_YEAR":["2008","2008","2008","2009","2009","2009","2009","2009","2010","2010"],"Y_PREVALENCE_1000PP":[17.64706,12.73885,6.84932,30.30303,6.21118,8.40336,11.17318,6.99301,27.97203,5.43478]},"PREVALENCE_BY_MONTH":{"X_CALENDAR_MONTH":"201001","Y_PREVALENCE_1000PP":1.07527},"LENGTH_OF_ERA":{"CATEGORY":"Length of era","MIN_VALUE":0,"P10_VALUE":0,"P25_VALUE":0,"MEDIAN_VALUE":0,"P75_VALUE":0,"P90_VALUE":0,"MAX_VALUE":0},"AGE_AT_FIRST_DIAGNOSIS":{"CATEGORY":["MALE","FEMALE"],"MIN_VALUE":[66,63],"P10_VALUE":[66,67],"P25_VALUE":[70,69],"MEDIAN_VALUE":[73,79],"P75_VALUE":[76,87],"P90_VALUE":[77,88],"MAX_VALUE":[77,89]}}
