{"PREVALENCE_BY_GENDER_AGE_YEAR":{"TRELLIS_NAME":["60-69","70-79","80-89","60-69","70-79","90-99"],"SERIES_NAME":["FEMALE","MALE","FEMALE","MALE","FEMALE","FEMALE"],"X_CALENDAR_YEAR":["2008","2008","2009","2009","2010","2010"],"Y_PREVALENCE_1000PP":[8.84956,5.88235,6.99301,8.40336,6.49351,19.23077]},"PREVALENCE_BY_MONTH":{"X_CALENDAR_MONTH":"201001","Y_PREVALENCE_1000PP":1.07527},"LENGTH_OF_ERA":{"CATEGORY":"Length of era","MIN_VALUE":0,"P10_VALUE":0,"P25_VALUE":0,"MEDIAN_VALUE":0,"P75_VALUE":0,"P90_VALUE":0,"MAX_VALUE":0},"AGE_AT_FIRST_DIAGNOSIS":{"CATEGORY":["FEMALE","MALE"],"MIN_VALUE":[68,68],"P10_VALUE":[68,68],"P25_VALUE":[68,68],"MEDIAN_VALUE":[72,68],"P75_VALUE":[82,78],"P90_VALUE":[90,78],"MAX_VALUE":[90,78]}}
