{"PREVALENCE_BY_GENDER_AGE_YEAR":{"TRELLIS_NAME":"70-79","SERIES_NAME":"MALE","X_CALENDAR_YEAR":"2008","Y_PREVALENCE_1000PP":5.88235},"PREVALENCE_BY_MONTH":{"X_CALENDAR_MONTH":[],"Y_PREVALENCE_1000PP":[]},"LENGTH_OF_ERA":{"CATEGORY":"Length of era","MIN_VALUE":14,"P10_VALUE":14,"P25_VALUE":14,"MEDIAN_VALUE":14,"P75_VALUE":14,"P90_VALUE":14,"MAX_VALUE":14},"AGE_AT_FIRST_DIAGNOSIS":{"CATEGORY":"MALE","MIN_VALUE":72,"P10_VALUE":72,"P25_VALUE":72,"MEDIAN_VALUE":72,"P75_VALUE":72,"P90_VALUE":72,"MAX_VALUE":72}}
