{"PREVALENCE_BY_GENDER_AGE_YEAR":{"TRELLIS_NAME":["80-89","70-79","80-89","90-99","40-49","80-89","70-79","70-79","70-79","80-89"],"SERIES_NAME":["FEMALE","MALE","MALE","MALE","FEMALE","FEMALE","MALE","MALE","FEMALE","MALE"],"X_CALENDAR_YEAR":["2008","2008","2008","2008","2008","2009","2009","2010","2010","2010"],"Y_PREVALENCE_1000PP":[13.69863,5.88235,12.04819,200,66.66667,6.99301,16.75978,5.43478,12.98701,11.23596]},"PREVALENCE_BY_MONTH":{"X_CALENDAR_MONTH":["200801","200901"],"Y_PREVALENCE_1000PP":[1.02775,1.04384]},"LENGTH_OF_ERA":{"CATEGORY":"Length of era","MIN_VALUE":0,"P10_VALUE":0,"P25_VALUE":0,"MEDIAN_VALUE":0,"P75_VALUE":0,"P90_VALUE":0,"MAX_VALUE":0},"AGE_AT_FIRST_DIAGNOSIS":{"CATEGORY":["MALE","FEMALE"],"MIN_VALUE":[70,43],"P10_VALUE":[70,43],"P25_VALUE":[75,74],"MEDIAN_VALUE":[78,74],"P75_VALUE":[88,83],"P90_VALUE":[99,88],"MAX_VALUE":[99,88]}}
