{"PREVALENCE_BY_GENDER_AGE_YEAR":{"TRELLIS_NAME":["70-79","50-59","90-99","60-69","70-79","40-49","80-89","80-89","60-69","70-79","70-79","90-99","60-69","70-79","70-79"],"SERIES_NAME":["FEMALE","FEMALE","FEMALE","FEMALE","MALE","FEMALE","MALE","FEMALE","MALE","FEMALE","MALE","FEMALE","FEMALE","FEMALE","MALE"],"X_CALENDAR_YEAR":["2008","2008","2008","2008","2008","2009","2009","2009","2009","2009","2009","2009","2009","2010","2010"],"Y_PREVALENCE_1000PP":[6.36943,58.82353,38.46154,8.84956,5.88235,142.85714,33.33333,13.98601,8.40336,18.63354,5.58659,24.39024,10.10101,6.49351,5.43478]},"PREVALENCE_BY_MONTH":{"X_CALENDAR_MONTH":["200801","200901"],"Y_PREVALENCE_1000PP":[1.02775,2.08768]},"LENGTH_OF_ERA":{"CATEGORY":"Length of era","MIN_VALUE":0,"P10_VALUE":0,"P25_VALUE":0,"MEDIAN_VALUE":0,"P75_VALUE":0,"P90_VALUE":1,"MAX_VALUE":12},"AGE_AT_FIRST_DIAGNOSIS":{"CATEGORY":["FEMALE","MALE"],"MIN_VALUE":[46,62],"P10_VALUE":[47,62],"P25_VALUE":[59,70],"MEDIAN_VALUE":[75,76],"P75_VALUE":[85,83],"P90_VALUE":[94,84],"MAX_VALUE":[94,84]}}
