{"PREVALENCE_BY_GENDER_AGE_YEAR":{"TRELLIS_NAME":["50-59","80-89","60-69","60-69","70-79","90-99","60-69"],"SERIES_NAME":["MALE","FEMALE","FEMALE","MALE","FEMALE","MALE","MALE"],"X_CALENDAR_YEAR":["2008","2008","2008","2008","2009","2009","2009"],"Y_PREVALENCE_1000PP":[28.57143,6.84932,8.84956,6.66667,12.42236,71.42857,8.40336]},"PREVALENCE_BY_MONTH":{"X_CALENDAR_MONTH":"200801","Y_PREVALENCE_1000PP":1.02775},"LENGTH_OF_ERA":{"CATEGORY":"Length of era","MIN_VALUE":0,"P10_VALUE":0,"P25_VALUE":0,"MEDIAN_VALUE":0,"P75_VALUE":0,"P90_VALUE":2,"MAX_VALUE":2},"AGE_AT_FIRST_DIAGNOSIS":{"CATEGORY":["MALE","FEMALE"],"MIN_VALUE":[55,65],"P10_VALUE":[55,65],"P25_VALUE":[55,65],"MEDIAN_VALUE":[62,73],"P75_VALUE":[66,73],"P90_VALUE":[90,83],"MAX_VALUE":[90,83]}}
