{"PREVALENCE_BY_GENDER_AGE_YEAR":{"TRELLIS_NAME":["70-79","60-69","50-59","40-49","80-89","20-29","70-79","80-89","60-69","40-49","90-99","60-69","80-89","70-79","70-79","60-69","50-59","40-49","50-59","80-89","70-79","80-89","80-89","70-79","60-69","60-69","90-99","90-99"],"SERIES_NAME":["MALE","MALE","FEMALE","MALE","MALE","MALE","FEMALE","FEMALE","FEMALE","FEMALE","FEMALE","MALE","MALE","MALE","FEMALE","FEMALE","FEMALE","MALE","MALE","FEMALE","FEMALE","FEMALE","MALE","MALE","FEMALE","MALE","MALE","FEMALE"],"X_CALENDAR_YEAR":["2008","2008","2008","2008","2008","2008","2008","2008","2008","2008","2009","2009","2009","2009","2009","2009","2009","2009","2009","2009","2010","2010","2010","2010","2010","2010","2010","2010"],"Y_PREVALENCE_1000PP":[17.64706,20,58.82353,41.66667,12.04819,166.66667,12.73885,6.84932,44.24779,133.33333,97.56098,33.61345,66.66667,5.58659,24.84472,10.10101,71.42857,41.66667,28.57143,48.95105,19.48052,13.98601,33.70787,5.43478,12.19512,9.90099,45.45455,38.46154]},"PREVALENCE_BY_MONTH":{"X_CALENDAR_MONTH":["200801","200901","201001"],"Y_PREVALENCE_1000PP":[1.02775,1.04384,3.22581]},"LENGTH_OF_ERA":{"CATEGORY":"Length of era","MIN_VALUE":0,"P10_VALUE":0,"P25_VALUE":0,"MEDIAN_VALUE":0,"P75_VALUE":0,"P90_VALUE":0,"MAX_VALUE":29},"AGE_AT_FIRST_DIAGNOSIS":{"CATEGORY":["MALE","FEMALE"],"MIN_VALUE":[27,40],"P10_VALUE":[53,59],"P25_VALUE":[66,67],"MEDIAN_VALUE":[73,78],"P75_VALUE":[83,85],"P90_VALUE":[86,91],"MAX_VALUE":[97,96]}}
