{"PREVALENCE_BY_GENDER_AGE_YEAR":{"TRELLIS_NAME":["60-69","90-99","70-79","80-89","90-99","80-89","60-69","90-99"],"SERIES_NAME":["MALE","FEMALE","FEMALE","MALE","MALE","MALE","MALE","FEMALE"],"X_CALENDAR_YEAR":["2008","2009","2009","2009","2010","2010","2010","2010"],"Y_PREVALENCE_1000PP":[13.33333,24.39024,6.21118,11.11111,45.45455,11.23596,9.90099,19.23077]},"PREVALENCE_BY_MONTH":{"X_CALENDAR_MONTH":["200801","200901","201001"],"Y_PREVALENCE_1000PP":[1.02775,1.04384,1.07527]},"LENGTH_OF_ERA":{"CATEGORY":"Length of era","MIN_VALUE":0,"P10_VALUE":0,"P25_VALUE":0,"MEDIAN_VALUE":0,"P75_VALUE":2,"P90_VALUE":7,"MAX_VALUE":7},"AGE_AT_FIRST_DIAGNOSIS":{"CATEGORY":["MALE","FEMALE"],"MIN_VALUE":[67,75],"P10_VALUE":[67,75],"P25_VALUE":[68,75],"MEDIAN_VALUE":[69,90],"P75_VALUE":[85,93],"P90_VALUE":[90,93],"MAX_VALUE":[90,93]}}
