{"PREVALENCE_BY_GENDER_AGE_YEAR":{"TRELLIS_NAME":["70-79","60-69","70-79","80-89","60-69","50-59","80-89","90-99","60-69","60-69","80-89","70-79","70-79","50-59","80-89","70-79","70-79","90-99","80-89","60-69","60-69"],"SERIES_NAME":["FEMALE","FEMALE","MALE","FEMALE","MALE","MALE","MALE","FEMALE","FEMALE","MALE","MALE","MALE","FEMALE","MALE","FEMALE","FEMALE","MALE","FEMALE","MALE","FEMALE","MALE"],"X_CALENDAR_YEAR":["2008","2008","2008","2008","2008","2008","2008","2008","2009","2009","2009","2009","2009","2009","2009","2010","2010","2010","2010","2010","2010"],"Y_PREVALENCE_1000PP":[6.36943,17.69912,11.76471,20.54795,20,28.57143,24.09639,76.92308,30.30303,8.40336,22.22222,11.17318,24.84472,28.57143,27.97203,25.97403,5.43478,19.23077,11.23596,24.39024,9.90099]},"PREVALENCE_BY_MONTH":{"X_CALENDAR_MONTH":["200901","201001"],"Y_PREVALENCE_1000PP":[1.04384,3.22581]},"LENGTH_OF_ERA":{"CATEGORY":"Length of era","MIN_VALUE":0,"P10_VALUE":0,"P25_VALUE":0,"MEDIAN_VALUE":0,"P75_VALUE":0,"P90_VALUE":0,"MAX_VALUE":11},"AGE_AT_FIRST_DIAGNOSIS":{"CATEGORY":["MALE","FEMALE"],"MIN_VALUE":[51,62],"P10_VALUE":[61,67],"P25_VALUE":[68,71],"MEDIAN_VALUE":[74,78],"P75_VALUE":[81,87],"P90_VALUE":[84,94],"MAX_VALUE":[86,98]}}
