{"PREVALENCE_BY_GENDER_AGE_YEAR":{"TRELLIS_NAME":["60-69","70-79","20-29","90-99","80-89","80-89","70-79","60-69","40-49","60-69","70-79","50-59","50-59","70-79","60-69","80-89","80-89","30-39","80-89","70-79","40-49","80-89","90-99","70-79","60-69"],"SERIES_NAME":["FEMALE","FEMALE","MALE","FEMALE","MALE","FEMALE","MALE","MALE","MALE","MALE","FEMALE","MALE","FEMALE","MALE","FEMALE","MALE","FEMALE","MALE","MALE","FEMALE","FEMALE","FEMALE","MALE","MALE","MALE"],"X_CALENDAR_YEAR":["2008","2008","2008","2008","2008","2008","2008","2008","2008","2009","2009","2009","2009","2009","2009","2009","2009","2009","2010","2010","2010","2010","2010","2010","2010"],"Y_PREVALENCE_1000PP":[26.54867,25.47771,166.66667,38.46154,60.24096,20.54795,11.76471,6.66667,41.66667,8.40336,24.84472,28.57143,71.42857,11.17318,10.10101,22.22222,6.99301,166.66667,44.94382,6.49351,71.42857,27.97203,45.45455,21.73913,29.70297]},"PREVALENCE_BY_MONTH":{"X_CALENDAR_MONTH":["200801","200901","201001"],"Y_PREVALENCE_1000PP":[1.02775,4.17537,2.15054]},"LENGTH_OF_ERA":{"CATEGORY":"Length of era","MIN_VALUE":0,"P10_VALUE":0,"P25_VALUE":0,"MEDIAN_VALUE":0,"P75_VALUE":0,"P90_VALUE":0,"MAX_VALUE":9},"AGE_AT_FIRST_DIAGNOSIS":{"CATEGORY":["FEMALE","MALE"],"MIN_VALUE":[42,27],"P10_VALUE":[63,48],"P25_VALUE":[67,68],"MEDIAN_VALUE":[78,75],"P75_VALUE":[83,83],"P90_VALUE":[85,88],"MAX_VALUE":[94,90]}}
