{"PREVALENCE_BY_GENDER_AGE_YEAR":{"TRELLIS_NAME":["80-89","70-79","80-89","80-89"],"SERIES_NAME":["FEMALE","MALE","MALE","FEMALE"],"X_CALENDAR_YEAR":["2008","2009","2010","2010"],"Y_PREVALENCE_1000PP":[6.84932,5.58659,22.47191,6.99301]},"PREVALENCE_BY_MONTH":{"X_CALENDAR_MONTH":"201001","Y_PREVALENCE_1000PP":1.07527},"LENGTH_OF_ERA":{"CATEGORY":"Length of era","MIN_VALUE":0,"P10_VALUE":0,"P25_VALUE":0,"MEDIAN_VALUE":0,"P75_VALUE":0,"P90_VALUE":0,"MAX_VALUE":0},"AGE_AT_FIRST_DIAGNOSIS":{"CATEGORY":["MALE","FEMALE"],"MIN_VALUE":[75,80],"P10_VALUE":[75,80],"P25_VALUE":[75,80],"MEDIAN_VALUE":[86,80],"P75_VALUE":[88,85],"P90_VALUE":[88,85],"MAX_VALUE":[88,85]}}
