{"PREVALENCE_BY_GENDER_AGE_YEAR":{"TRELLIS_NAME":["70-79","30-39"],"SERIES_NAME":["FEMALE","FEMALE"],"X_CALENDAR_YEAR":["2008","2008"],"Y_PREVALENCE_1000PP":[6.36943,125]},"PREVALENCE_BY_MONTH":{"X_CALENDAR_MONTH":[],"Y_PREVALENCE_1000PP":[]},"LENGTH_OF_ERA":{"CATEGORY":"Length of era","MIN_VALUE":0,"P10_VALUE":0,"P25_VALUE":0,"MEDIAN_VALUE":0,"P75_VALUE":0,"P90_VALUE":0,"MAX_VALUE":0},"AGE_AT_FIRST_DIAGNOSIS":{"CATEGORY":"FEMALE","MIN_VALUE":39,"P10_VALUE":39,"P25_VALUE":39,"MEDIAN_VALUE":39,"P75_VALUE":77,"P90_VALUE":77,"MAX_VALUE":77}}
