{"PREVALENCE_BY_GENDER_AGE_YEAR":{"TRELLIS_NAME":["60-69","70-79"],"SERIES_NAME":["MALE","FEMALE"],"X_CALENDAR_YEAR":["2008","2009"],"Y_PREVALENCE_1000PP":[6.66667,6.21118]},"PREVALENCE_BY_MONTH":{"X_CALENDAR_MONTH":[],"Y_PREVALENCE_1000PP":[]},"LENGTH_OF_ERA":{"CATEGORY":"Length of era","MIN_VALUE":0,"P10_VALUE":0,"P25_VALUE":0,"MEDIAN_VALUE":0,"P75_VALUE":0,"P90_VALUE":0,"MAX_VALUE":0},"AGE_AT_FIRST_DIAGNOSIS":{"CATEGORY":["FEMALE","MALE"],"MIN_VALUE":[71,65],"P10_VALUE":[71,65],"P25_VALUE":[71,65],"MEDIAN_VALUE":[71,65],"P75_VALUE":[71,65],"P90_VALUE":[71,65],"MAX_VALUE":[71,65]}}
