{"PREVALENCE_BY_GENDER_AGE_YEAR":{"TRELLIS_NAME":["50-59","70-79","90-99","50-59","80-89","70-79","80-89"],"SERIES_NAME":["FEMALE","MALE","MALE","MALE","FEMALE","MALE","FEMALE"],"X_CALENDAR_YEAR":["2008","2008","2009","2009","2009","2009","2010"],"Y_PREVALENCE_1000PP":[58.82353,11.76471,71.42857,28.57143,13.98601,5.58659,13.98601]},"PREVALENCE_BY_MONTH":{"X_CALENDAR_MONTH":[],"Y_PREVALENCE_1000PP":[]},"LENGTH_OF_ERA":{"CATEGORY":"Length of era","MIN_VALUE":0,"P10_VALUE":0,"P25_VALUE":0,"MEDIAN_VALUE":0,"P75_VALUE":0,"P90_VALUE":0,"MAX_VALUE":2},"AGE_AT_FIRST_DIAGNOSIS":{"CATEGORY":["FEMALE","MALE"],"MIN_VALUE":[51,53],"P10_VALUE":[51,53],"P25_VALUE":[80,53],"MEDIAN_VALUE":[83,70],"P75_VALUE":[84,76],"P90_VALUE":[86,96],"MAX_VALUE":[86,96]}}
