{"PREVALENCE_BY_GENDER_AGE_YEAR":{"TRELLIS_NAME":["60-69","80-89","70-79","60-69","70-79","50-59"],"SERIES_NAME":["FEMALE","FEMALE","FEMALE","FEMALE","MALE","MALE"],"X_CALENDAR_YEAR":["2008","2008","2008","2009","2009","2009"],"Y_PREVALENCE_1000PP":[8.84956,6.84932,6.36943,10.10101,11.17318,28.57143]},"PREVALENCE_BY_MONTH":{"X_CALENDAR_MONTH":"200901","Y_PREVALENCE_1000PP":1.04384},"LENGTH_OF_ERA":{"CATEGORY":"Length of era","MIN_VALUE":0,"P10_VALUE":0,"P25_VALUE":0,"MEDIAN_VALUE":0,"P75_VALUE":0,"P90_VALUE":0,"MAX_VALUE":0},"AGE_AT_FIRST_DIAGNOSIS":{"CATEGORY":["FEMALE","MALE"],"MIN_VALUE":[65,57],"P10_VALUE":[65,57],"P25_VALUE":[65,57],"MEDIAN_VALUE":[67,73],"P75_VALUE":[76,77],"P90_VALUE":[81,77],"MAX_VALUE":[81,77]}}
