{"PREVALENCE_BY_GENDER_AGE_YEAR":{"TRELLIS_NAME":["80-89","70-79","80-89","70-79","40-49","50-59","80-89"],"SERIES_NAME":["MALE","FEMALE","FEMALE","MALE","FEMALE","FEMALE","MALE"],"X_CALENDAR_YEAR":["2008","2008","2009","2009","2009","2009","2010"],"Y_PREVALENCE_1000PP":[12.04819,6.36943,6.99301,11.17318,71.42857,71.42857,11.23596]},"PREVALENCE_BY_MONTH":{"X_CALENDAR_MONTH":"201001","Y_PREVALENCE_1000PP":1.07527},"LENGTH_OF_ERA":{"CATEGORY":"Length of era","MIN_VALUE":0,"P10_VALUE":0,"P25_VALUE":0,"MEDIAN_VALUE":0,"P75_VALUE":0,"P90_VALUE":1,"MAX_VALUE":1},"AGE_AT_FIRST_DIAGNOSIS":{"CATEGORY":["FEMALE","MALE"],"MIN_VALUE":[43,70],"P10_VALUE":[43,70],"P25_VALUE":[43,70],"MEDIAN_VALUE":[56,71],"P75_VALUE":[73,84],"P90_VALUE":[86,88],"MAX_VALUE":[86,88]}}
