{"PREVALENCE_BY_GENDER_AGE_YEAR":{"TRELLIS_NAME":"80-89","SERIES_NAME":"FEMALE","X_CALENDAR_YEAR":"2009","Y_PREVALENCE_1000PP":6.99301},"PREVALENCE_BY_MONTH":{"X_CALENDAR_MONTH":[],"Y_PREVALENCE_1000PP":[]},"LENGTH_OF_ERA":{"CATEGORY":"Length of era","MIN_VALUE":0,"P10_VALUE":0,"P25_VALUE":0,"MEDIAN_VALUE":0,"P75_VALUE":0,"P90_VALUE":0,"MAX_VALUE":0},"AGE_AT_FIRST_DIAGNOSIS":{"CATEGORY":"FEMALE","MIN_VALUE":89,"P10_VALUE":89,"P25_VALUE":89,"MEDIAN_VALUE":89,"P75_VALUE":89,"P90_VALUE":89,"MAX_VALUE":89}}
