{"PREVALENCE_BY_GENDER_AGE_YEAR":{"TRELLIS_NAME":["80-89","70-79","60-69","80-89","70-79","90-99","50-59","80-89","80-89","70-79"],"SERIES_NAME":["FEMALE","MALE","MALE","MALE","FEMALE","FEMALE","FEMALE","MALE","FEMALE","MALE"],"X_CALENDAR_YEAR":["2008","2008","2008","2008","2009","2009","2009","2009","2010","2010"],"Y_PREVALENCE_1000PP":[13.69863,5.88235,6.66667,12.04819,6.21118,24.39024,71.42857,11.11111,6.99301,5.43478]},"PREVALENCE_BY_MONTH":{"X_CALENDAR_MONTH":[],"Y_PREVALENCE_1000PP":[]},"LENGTH_OF_ERA":{"CATEGORY":"Length of era","MIN_VALUE":0,"P10_VALUE":0,"P25_VALUE":0,"MEDIAN_VALUE":0,"P75_VALUE":0,"P90_VALUE":0,"MAX_VALUE":1},"AGE_AT_FIRST_DIAGNOSIS":{"CATEGORY":["FEMALE","MALE"],"MIN_VALUE":[59,65],"P10_VALUE":[59,65],"P25_VALUE":[76,70],"MEDIAN_VALUE":[85,71],"P75_VALUE":[89,80],"P90_VALUE":[92,88],"MAX_VALUE":[92,88]}}
