{"PREVALENCE_BY_GENDER_AGE_YEAR":{"TRELLIS_NAME":["70-79","80-89","70-79"],"SERIES_NAME":["MALE","FEMALE","FEMALE"],"X_CALENDAR_YEAR":["2008","2009","2009"],"Y_PREVALENCE_1000PP":[5.88235,6.99301,6.21118]},"PREVALENCE_BY_MONTH":{"X_CALENDAR_MONTH":[],"Y_PREVALENCE_1000PP":[]},"LENGTH_OF_ERA":{"CATEGORY":"Length of era","MIN_VALUE":0,"P10_VALUE":0,"P25_VALUE":0,"MEDIAN_VALUE":0,"P75_VALUE":0,"P90_VALUE":0,"MAX_VALUE":0},"AGE_AT_FIRST_DIAGNOSIS":{"CATEGORY":["MALE","FEMALE"],"MIN_VALUE":[70,79],"P10_VALUE":[70,79],"P25_VALUE":[70,79],"MEDIAN_VALUE":[70,79],"P75_VALUE":[70,80],"P90_VALUE":[70,80],"MAX_VALUE":[70,80]}}
