{"PREVALENCE_BY_GENDER_AGE_YEAR":{"TRELLIS_NAME":["80-89","80-89","90-99","70-79"],"SERIES_NAME":["FEMALE","MALE","MALE","FEMALE"],"X_CALENDAR_YEAR":["2008","2008","2008","2010"],"Y_PREVALENCE_1000PP":[6.84932,12.04819,100,6.49351]},"PREVALENCE_BY_MONTH":{"X_CALENDAR_MONTH":[],"Y_PREVALENCE_1000PP":[]},"LENGTH_OF_ERA":{"CATEGORY":"Length of era","MIN_VALUE":0,"P10_VALUE":0,"P25_VALUE":0,"MEDIAN_VALUE":0,"P75_VALUE":0,"P90_VALUE":0,"MAX_VALUE":0},"AGE_AT_FIRST_DIAGNOSIS":{"CATEGORY":["FEMALE","MALE"],"MIN_VALUE":[74,86],"P10_VALUE":[74,86],"P25_VALUE":[74,86],"MEDIAN_VALUE":[74,86],"P75_VALUE":[82,97],"P90_VALUE":[82,97],"MAX_VALUE":[82,97]}}
