{"PREVALENCE_BY_GENDER_AGE_YEAR":{"TRELLIS_NAME":["60-69","40-49","70-79"],"SERIES_NAME":["MALE","MALE","MALE"],"X_CALENDAR_YEAR":["2009","2010","2010"],"Y_PREVALENCE_1000PP":[8.40336,50,5.43478]},"PREVALENCE_BY_MONTH":{"X_CALENDAR_MONTH":[],"Y_PREVALENCE_1000PP":[]},"LENGTH_OF_ERA":{"CATEGORY":"Length of era","MIN_VALUE":0,"P10_VALUE":0,"P25_VALUE":0,"MEDIAN_VALUE":0,"P75_VALUE":0,"P90_VALUE":0,"MAX_VALUE":0},"AGE_AT_FIRST_DIAGNOSIS":{"CATEGORY":"MALE","MIN_VALUE":47,"P10_VALUE":47,"P25_VALUE":47,"MEDIAN_VALUE":66,"P75_VALUE":74,"P90_VALUE":74,"MAX_VALUE":74}}
