{"PREVALENCE_BY_GENDER_AGE_YEAR":{"TRELLIS_NAME":["80-89","60-69","70-79","80-89","70-79","70-79","80-89","30-39","70-79","60-69","80-89","70-79","50-59","70-79","60-69","90-99","90-99"],"SERIES_NAME":["FEMALE","FEMALE","FEMALE","MALE","MALE","FEMALE","MALE","MALE","MALE","MALE","FEMALE","MALE","MALE","FEMALE","FEMALE","FEMALE","MALE"],"X_CALENDAR_YEAR":["2008","2008","2008","2008","2008","2009","2009","2009","2009","2009","2009","2010","2010","2010","2010","2010","2010"],"Y_PREVALENCE_1000PP":[6.84932,8.84956,19.10828,12.04819,5.88235,6.21118,44.44444,166.66667,11.17318,16.80672,6.99301,32.6087,31.25,6.49351,12.19512,19.23077,45.45455]},"PREVALENCE_BY_MONTH":{"X_CALENDAR_MONTH":"200901","Y_PREVALENCE_1000PP":1.04384},"LENGTH_OF_ERA":{"CATEGORY":"Length of era","MIN_VALUE":0,"P10_VALUE":0,"P25_VALUE":0,"MEDIAN_VALUE":0,"P75_VALUE":0,"P90_VALUE":0,"MAX_VALUE":0},"AGE_AT_FIRST_DIAGNOSIS":{"CATEGORY":["MALE","FEMALE"],"MIN_VALUE":[35,60],"P10_VALUE":[58,60],"P25_VALUE":[70,70],"MEDIAN_VALUE":[76,73],"P75_VALUE":[81,84],"P90_VALUE":[84,88],"MAX_VALUE":[91,94]}}
