{"PREVALENCE_BY_GENDER_AGE_YEAR":{"TRELLIS_NAME":["60-69","50-59","70-79","70-79","70-79"],"SERIES_NAME":["MALE","MALE","MALE","FEMALE","FEMALE"],"X_CALENDAR_YEAR":["2008","2008","2008","2009","2010"],"Y_PREVALENCE_1000PP":[6.66667,28.57143,5.88235,6.21118,6.49351]},"PREVALENCE_BY_MONTH":{"X_CALENDAR_MONTH":["200801","200901"],"Y_PREVALENCE_1000PP":[1.02775,1.04384]},"LENGTH_OF_ERA":{"CATEGORY":"Length of era","MIN_VALUE":0,"P10_VALUE":0,"P25_VALUE":0,"MEDIAN_VALUE":0,"P75_VALUE":3,"P90_VALUE":9,"MAX_VALUE":9},"AGE_AT_FIRST_DIAGNOSIS":{"CATEGORY":["FEMALE","MALE"],"MIN_VALUE":[72,52],"P10_VALUE":[72,52],"P25_VALUE":[72,52],"MEDIAN_VALUE":[72,65],"P75_VALUE":[79,75],"P90_VALUE":[79,75],"MAX_VALUE":[79,75]}}
