{"PREVALENCE_BY_GENDER_AGE_YEAR":{"TRELLIS_NAME":"60-69","SERIES_NAME":"FEMALE","X_CALENDAR_YEAR":"2010","Y_PREVALENCE_1000PP":12.19512},"PREVALENCE_BY_MONTH":{"X_CALENDAR_MONTH":[],"Y_PREVALENCE_1000PP":[]},"LENGTH_OF_ERA":{"CATEGORY":"Length of era","MIN_VALUE":0,"P10_VALUE":0,"P25_VALUE":0,"MEDIAN_VALUE":0,"P75_VALUE":0,"P90_VALUE":0,"MAX_VALUE":0},"AGE_AT_FIRST_DIAGNOSIS":{"CATEGORY":"FEMALE","MIN_VALUE":68,"P10_VALUE":68,"P25_VALUE":68,"MEDIAN_VALUE":68,"P75_VALUE":68,"P90_VALUE":68,"MAX_VALUE":68}}
