{"PREVALENCE_BY_GENDER_AGE_YEAR":{"TRELLIS_NAME":["70-79","40-49","70-79","50-59","70-79"],"SERIES_NAME":["FEMALE","FEMALE","FEMALE","FEMALE","MALE"],"X_CALENDAR_YEAR":["2008","2008","2009","2009","2010"],"Y_PREVALENCE_1000PP":[6.36943,66.66667,12.42236,71.42857,5.43478]},"PREVALENCE_BY_MONTH":{"X_CALENDAR_MONTH":[],"Y_PREVALENCE_1000PP":[]},"LENGTH_OF_ERA":{"CATEGORY":"Length of era","MIN_VALUE":0,"P10_VALUE":0,"P25_VALUE":0,"MEDIAN_VALUE":0,"P75_VALUE":0,"P90_VALUE":0,"MAX_VALUE":0},"AGE_AT_FIRST_DIAGNOSIS":{"CATEGORY":["MALE","FEMALE"],"MIN_VALUE":[72,40],"P10_VALUE":[72,40],"P25_VALUE":[72,50],"MEDIAN_VALUE":[72,73],"P75_VALUE":[72,75],"P90_VALUE":[72,78],"MAX_VALUE":[72,78]}}
