{"PREVALENCE_BY_GENDER_AGE_YEAR":{"TRELLIS_NAME":["40-49","80-89","70-79","70-79","80-89"],"SERIES_NAME":["MALE","MALE","MALE","FEMALE","FEMALE"],"X_CALENDAR_YEAR":["2008","2008","2008","2009","2009"],"Y_PREVALENCE_1000PP":[41.66667,12.04819,5.88235,12.42236,6.99301]},"PREVALENCE_BY_MONTH":{"X_CALENDAR_MONTH":"200901","Y_PREVALENCE_1000PP":1.04384},"LENGTH_OF_ERA":{"CATEGORY":"Length of era","MIN_VALUE":0,"P10_VALUE":0,"P25_VALUE":0,"MEDIAN_VALUE":0,"P75_VALUE":0,"P90_VALUE":0,"MAX_VALUE":0},"AGE_AT_FIRST_DIAGNOSIS":{"CATEGORY":["FEMALE","MALE"],"MIN_VALUE":[70,40],"P10_VALUE":[70,40],"P25_VALUE":[70,40],"MEDIAN_VALUE":[72,72],"P75_VALUE":[81,80],"P90_VALUE":[81,80],"MAX_VALUE":[81,80]}}
