{"PREVALENCE_BY_GENDER_AGE_YEAR":{"TRELLIS_NAME":["100-109","60-69","70-79","70-79"],"SERIES_NAME":["MALE","FEMALE","FEMALE","MALE"],"X_CALENDAR_YEAR":["2009","2009","2009","2010"],"Y_PREVALENCE_1000PP":[500,20.20202,6.21118,5.43478]},"PREVALENCE_BY_MONTH":{"X_CALENDAR_MONTH":[],"Y_PREVALENCE_1000PP":[]},"LENGTH_OF_ERA":{"CATEGORY":"Length of era","MIN_VALUE":0,"P10_VALUE":0,"P25_VALUE":0,"MEDIAN_VALUE":3,"P75_VALUE":4,"P90_VALUE":4,"MAX_VALUE":4},"AGE_AT_FIRST_DIAGNOSIS":{"CATEGORY":["MALE","FEMALE"],"MIN_VALUE":[73,60],"P10_VALUE":[73,60],"P25_VALUE":[73,60],"MEDIAN_VALUE":[73,69],"P75_VALUE":[100,78],"P90_VALUE":[100,78],"MAX_VALUE":[100,78]}}
