{"PREVALENCE_BY_GENDER_AGE_YEAR":{"TRELLIS_NAME":["60-69","90-99","70-79","70-79"],"SERIES_NAME":["FEMALE","FEMALE","MALE","FEMALE"],"X_CALENDAR_YEAR":["2008","2008","2008","2009"],"Y_PREVALENCE_1000PP":[8.84956,38.46154,5.88235,6.21118]},"PREVALENCE_BY_MONTH":{"X_CALENDAR_MONTH":[],"Y_PREVALENCE_1000PP":[]},"LENGTH_OF_ERA":{"CATEGORY":"Length of era","MIN_VALUE":0,"P10_VALUE":0,"P25_VALUE":0,"MEDIAN_VALUE":0,"P75_VALUE":0,"P90_VALUE":4,"MAX_VALUE":4},"AGE_AT_FIRST_DIAGNOSIS":{"CATEGORY":["MALE","FEMALE"],"MIN_VALUE":[76,66],"P10_VALUE":[76,66],"P25_VALUE":[76,66],"MEDIAN_VALUE":[76,75],"P75_VALUE":[76,92],"P90_VALUE":[76,92],"MAX_VALUE":[76,92]}}
