{"PREVALENCE_BY_GENDER_AGE_YEAR":{"TRELLIS_NAME":["80-89","60-69","90-99","60-69","70-79","40-49","70-79","70-79"],"SERIES_NAME":["MALE","MALE","FEMALE","MALE","MALE","FEMALE","MALE","FEMALE"],"X_CALENDAR_YEAR":["2008","2008","2009","2009","2009","2010","2010","2010"],"Y_PREVALENCE_1000PP":[12.04819,6.66667,24.39024,8.40336,5.58659,71.42857,5.43478,6.49351]},"PREVALENCE_BY_MONTH":{"X_CALENDAR_MONTH":[],"Y_PREVALENCE_1000PP":[]},"LENGTH_OF_ERA":{"CATEGORY":"Length of era","MIN_VALUE":0,"P10_VALUE":0,"P25_VALUE":0,"MEDIAN_VALUE":0,"P75_VALUE":0,"P90_VALUE":0,"MAX_VALUE":0},"AGE_AT_FIRST_DIAGNOSIS":{"CATEGORY":["MALE","FEMALE"],"MIN_VALUE":[61,43],"P10_VALUE":[61,43],"P25_VALUE":[69,43],"MEDIAN_VALUE":[74,78],"P75_VALUE":[77,97],"P90_VALUE":[85,97],"MAX_VALUE":[85,97]}}
