{"PREVALENCE_BY_GENDER_AGE_YEAR":{"TRELLIS_NAME":["40-49","80-89","60-69","70-79","50-59","90-99","80-89","70-79","30-39","80-89","80-89","60-69","70-79","70-79","90-99","60-69","60-69","80-89","30-39","90-99","70-79","70-79","100-109","40-49","80-89","50-59"],"SERIES_NAME":["MALE","FEMALE","FEMALE","FEMALE","MALE","FEMALE","MALE","MALE","FEMALE","MALE","FEMALE","MALE","FEMALE","MALE","FEMALE","FEMALE","FEMALE","FEMALE","FEMALE","FEMALE","MALE","FEMALE","MALE","MALE","MALE","MALE"],"X_CALENDAR_YEAR":["2008","2008","2008","2008","2008","2008","2008","2008","2008","2009","2009","2009","2009","2009","2009","2009","2010","2010","2010","2010","2010","2010","2010","2010","2010","2010"],"Y_PREVALENCE_1000PP":[41.66667,20.54795,35.39823,25.47771,28.57143,38.46154,24.09639,41.17647,125,11.11111,20.97902,8.40336,6.21118,33.51955,73.17073,20.20202,12.19512,6.99301,142.85714,19.23077,10.86957,6.49351,500,50,22.47191,31.25]},"PREVALENCE_BY_MONTH":{"X_CALENDAR_MONTH":["200901","201001"],"Y_PREVALENCE_1000PP":[2.08768,4.30108]},"LENGTH_OF_ERA":{"CATEGORY":"Length of era","MIN_VALUE":0,"P10_VALUE":0,"P25_VALUE":0,"MEDIAN_VALUE":0,"P75_VALUE":0,"P90_VALUE":0,"MAX_VALUE":15},"AGE_AT_FIRST_DIAGNOSIS":{"CATEGORY":["MALE","FEMALE"],"MIN_VALUE":[43,38],"P10_VALUE":[56,60],"P25_VALUE":[71,68],"MEDIAN_VALUE":[75,77],"P75_VALUE":[79,89],"P90_VALUE":[83,94],"MAX_VALUE":[101,98]}}
