{"PREVALENCE_BY_GENDER_AGE_YEAR":{"TRELLIS_NAME":["60-69","60-69","80-89","70-79","60-69"],"SERIES_NAME":["MALE","FEMALE","MALE","FEMALE","MALE"],"X_CALENDAR_YEAR":["2008","2008","2009","2009","2009"],"Y_PREVALENCE_1000PP":[6.66667,17.69912,11.11111,6.21118,8.40336]},"PREVALENCE_BY_MONTH":{"X_CALENDAR_MONTH":"200801","Y_PREVALENCE_1000PP":1.02775},"LENGTH_OF_ERA":{"CATEGORY":"Length of era","MIN_VALUE":0,"P10_VALUE":0,"P25_VALUE":0,"MEDIAN_VALUE":0,"P75_VALUE":0,"P90_VALUE":0,"MAX_VALUE":0},"AGE_AT_FIRST_DIAGNOSIS":{"CATEGORY":["FEMALE","MALE"],"MIN_VALUE":[66,65],"P10_VALUE":[66,65],"P25_VALUE":[66,65],"MEDIAN_VALUE":[68,65],"P75_VALUE":[74,86],"P90_VALUE":[74,86],"MAX_VALUE":[74,86]}}
