{"PREVALENCE_BY_GENDER_AGE_YEAR":{"TRELLIS_NAME":["90-99","80-89","60-69","50-59","70-79","70-79","50-59","60-69","80-89","90-99","50-59","60-69","80-89"],"SERIES_NAME":["FEMALE","FEMALE","MALE","MALE","FEMALE","MALE","FEMALE","MALE","FEMALE","MALE","MALE","MALE","FEMALE"],"X_CALENDAR_YEAR":["2008","2008","2008","2008","2008","2008","2008","2009","2009","2009","2009","2010","2010"],"Y_PREVALENCE_1000PP":[38.46154,6.84932,6.66667,28.57143,12.73885,11.76471,58.82353,8.40336,27.97203,71.42857,28.57143,9.90099,6.99301]},"PREVALENCE_BY_MONTH":{"X_CALENDAR_MONTH":["200801","200901"],"Y_PREVALENCE_1000PP":[1.02775,1.04384]},"LENGTH_OF_ERA":{"CATEGORY":"Length of era","MIN_VALUE":0,"P10_VALUE":0,"P25_VALUE":0,"MEDIAN_VALUE":0,"P75_VALUE":0,"P90_VALUE":0,"MAX_VALUE":0},"AGE_AT_FIRST_DIAGNOSIS":{"CATEGORY":["MALE","FEMALE"],"MIN_VALUE":[57,57],"P10_VALUE":[57,57],"P25_VALUE":[58,79],"MEDIAN_VALUE":[69,80],"P75_VALUE":[72,85],"P90_VALUE":[90,89],"MAX_VALUE":[90,97]}}
