{"PREVALENCE_BY_GENDER_AGE_YEAR":{"TRELLIS_NAME":["70-79","50-59","60-69","70-79"],"SERIES_NAME":["FEMALE","FEMALE","MALE","MALE"],"X_CALENDAR_YEAR":["2008","2009","2009","2010"],"Y_PREVALENCE_1000PP":[6.36943,71.42857,8.40336,5.43478]},"PREVALENCE_BY_MONTH":{"X_CALENDAR_MONTH":[],"Y_PREVALENCE_1000PP":[]},"LENGTH_OF_ERA":{"CATEGORY":"Length of era","MIN_VALUE":0,"P10_VALUE":0,"P25_VALUE":0,"MEDIAN_VALUE":0,"P75_VALUE":0,"P90_VALUE":0,"MAX_VALUE":0},"AGE_AT_FIRST_DIAGNOSIS":{"CATEGORY":["MALE","FEMALE"],"MIN_VALUE":[66,50],"P10_VALUE":[66,50],"P25_VALUE":[66,50],"MEDIAN_VALUE":[66,50],"P75_VALUE":[79,71],"P90_VALUE":[79,71],"MAX_VALUE":[79,71]}}
