{"PREVALENCE_BY_GENDER_AGE_YEAR":{"TRELLIS_NAME":["80-89","60-69","70-79","80-89","70-79","60-69","70-79","80-89","50-59","70-79","80-89","60-69","90-99","60-69","70-79","60-69","80-89","70-79"],"SERIES_NAME":["FEMALE","FEMALE","FEMALE","MALE","MALE","MALE","MALE","FEMALE","MALE","FEMALE","MALE","MALE","FEMALE","FEMALE","FEMALE","MALE","FEMALE","MALE"],"X_CALENDAR_YEAR":["2008","2008","2008","2008","2008","2008","2009","2009","2009","2009","2009","2009","2010","2010","2010","2010","2010","2010"],"Y_PREVALENCE_1000PP":[34.24658,35.39823,19.10828,12.04819,17.64706,13.33333,22.34637,27.97203,28.57143,18.63354,11.11111,25.21008,19.23077,24.39024,6.49351,9.90099,6.99301,5.43478]},"PREVALENCE_BY_MONTH":{"X_CALENDAR_MONTH":["200901","201001"],"Y_PREVALENCE_1000PP":[1.04384,3.22581]},"LENGTH_OF_ERA":{"CATEGORY":"Length of era","MIN_VALUE":0,"P10_VALUE":0,"P25_VALUE":0,"MEDIAN_VALUE":0,"P75_VALUE":0,"P90_VALUE":0,"MAX_VALUE":20},"AGE_AT_FIRST_DIAGNOSIS":{"CATEGORY":["MALE","FEMALE"],"MIN_VALUE":[56,62],"P10_VALUE":[63,66],"P25_VALUE":[67,69],"MEDIAN_VALUE":[72,76],"P75_VALUE":[76,83],"P90_VALUE":[82,88],"MAX_VALUE":[84,90]}}
