{"PREVALENCE_BY_GENDER_AGE_YEAR":{"TRELLIS_NAME":"70-79","SERIES_NAME":"FEMALE","X_CALENDAR_YEAR":"2009","Y_PREVALENCE_1000PP":6.21118},"PREVALENCE_BY_MONTH":{"X_CALENDAR_MONTH":[],"Y_PREVALENCE_1000PP":[]},"LENGTH_OF_ERA":{"CATEGORY":"Length of era","MIN_VALUE":2,"P10_VALUE":2,"P25_VALUE":2,"MEDIAN_VALUE":2,"P75_VALUE":2,"P90_VALUE":2,"MAX_VALUE":2},"AGE_AT_FIRST_DIAGNOSIS":{"CATEGORY":"FEMALE","MIN_VALUE":71,"P10_VALUE":71,"P25_VALUE":71,"MEDIAN_VALUE":71,"P75_VALUE":71,"P90_VALUE":71,"MAX_VALUE":71}}
