{"PREVALENCE_BY_GENDER_AGE_YEAR":{"TRELLIS_NAME":["70-79","70-79","60-69","80-89","80-89","60-69"],"SERIES_NAME":["FEMALE","MALE","FEMALE","FEMALE","MALE","MALE"],"X_CALENDAR_YEAR":["2008","2008","2008","2008","2008","2010"],"Y_PREVALENCE_1000PP":[12.73885,5.88235,8.84956,6.84932,24.09639,9.90099]},"PREVALENCE_BY_MONTH":{"X_CALENDAR_MONTH":[],"Y_PREVALENCE_1000PP":[]},"LENGTH_OF_ERA":{"CATEGORY":"Length of era","MIN_VALUE":0,"P10_VALUE":0,"P25_VALUE":0,"MEDIAN_VALUE":0,"P75_VALUE":0,"P90_VALUE":0,"MAX_VALUE":0},"AGE_AT_FIRST_DIAGNOSIS":{"CATEGORY":["MALE","FEMALE"],"MIN_VALUE":[67,66],"P10_VALUE":[67,66],"P25_VALUE":[67,66],"MEDIAN_VALUE":[73,71],"P75_VALUE":[81,71],"P90_VALUE":[85,83],"MAX_VALUE":[85,83]}}
