{"PREVALENCE_BY_GENDER_AGE_YEAR":{"TRELLIS_NAME":["60-69","60-69","50-59","70-79","70-79","40-49","40-49","70-79","90-99","70-79","60-69","90-99","20-29","90-99"],"SERIES_NAME":["FEMALE","MALE","MALE","MALE","FEMALE","MALE","FEMALE","MALE","FEMALE","FEMALE","MALE","FEMALE","MALE","MALE"],"X_CALENDAR_YEAR":["2008","2008","2008","2008","2009","2009","2009","2009","2009","2010","2010","2010","2010","2010"],"Y_PREVALENCE_1000PP":[17.69912,6.66667,28.57143,5.88235,12.42236,41.66667,71.42857,5.58659,24.39024,19.48052,9.90099,19.23077,200,45.45455]},"PREVALENCE_BY_MONTH":{"X_CALENDAR_MONTH":"201001","Y_PREVALENCE_1000PP":1.07527},"LENGTH_OF_ERA":{"CATEGORY":"Length of era","MIN_VALUE":0,"P10_VALUE":0,"P25_VALUE":0,"MEDIAN_VALUE":0,"P75_VALUE":0,"P90_VALUE":9,"MAX_VALUE":9},"AGE_AT_FIRST_DIAGNOSIS":{"CATEGORY":["MALE","FEMALE"],"MIN_VALUE":[29,48],"P10_VALUE":[29,48],"P25_VALUE":[48,66],"MEDIAN_VALUE":[62,73],"P75_VALUE":[77,78],"P90_VALUE":[90,90],"MAX_VALUE":[90,90]}}
