{"PREVALENCE_BY_GENDER_AGE_YEAR":{"TRELLIS_NAME":["70-79","70-79","70-79","80-89","40-49","80-89","70-79"],"SERIES_NAME":["FEMALE","FEMALE","MALE","FEMALE","FEMALE","FEMALE","MALE"],"X_CALENDAR_YEAR":["2008","2009","2009","2009","2009","2010","2010"],"Y_PREVALENCE_1000PP":[12.73885,6.21118,5.58659,6.99301,71.42857,20.97902,5.43478]},"PREVALENCE_BY_MONTH":{"X_CALENDAR_MONTH":[],"Y_PREVALENCE_1000PP":[]},"LENGTH_OF_ERA":{"CATEGORY":"Length of era","MIN_VALUE":0,"P10_VALUE":0,"P25_VALUE":0,"MEDIAN_VALUE":0,"P75_VALUE":0,"P90_VALUE":0,"MAX_VALUE":1},"AGE_AT_FIRST_DIAGNOSIS":{"CATEGORY":["MALE","FEMALE"],"MIN_VALUE":[70,42],"P10_VALUE":[70,42],"P25_VALUE":[70,75],"MEDIAN_VALUE":[70,77],"P75_VALUE":[75,85],"P90_VALUE":[75,89],"MAX_VALUE":[75,89]}}
