{"PREVALENCE_BY_GENDER_AGE_YEAR":{"TRELLIS_NAME":["70-79","80-89","70-79","90-99","40-49","70-79","70-79","60-69","60-69","30-39","70-79","70-79","80-89","80-89","40-49"],"SERIES_NAME":["FEMALE","MALE","MALE","MALE","MALE","MALE","FEMALE","MALE","FEMALE","MALE","MALE","FEMALE","MALE","FEMALE","MALE"],"X_CALENDAR_YEAR":["2008","2008","2008","2008","2008","2009","2009","2009","2009","2009","2010","2010","2010","2010","2010"],"Y_PREVALENCE_1000PP":[12.73885,12.04819,5.88235,100,41.66667,11.17318,6.21118,25.21008,20.20202,166.66667,16.30435,6.49351,11.23596,6.99301,50]},"PREVALENCE_BY_MONTH":{"X_CALENDAR_MONTH":"200901","Y_PREVALENCE_1000PP":1.04384},"LENGTH_OF_ERA":{"CATEGORY":"Length of era","MIN_VALUE":0,"P10_VALUE":0,"P25_VALUE":0,"MEDIAN_VALUE":0,"P75_VALUE":0,"P90_VALUE":9,"MAX_VALUE":9},"AGE_AT_FIRST_DIAGNOSIS":{"CATEGORY":["MALE","FEMALE"],"MIN_VALUE":[31,66],"P10_VALUE":[40,66],"P25_VALUE":[66,67],"MEDIAN_VALUE":[73,74],"P75_VALUE":[77,75],"P90_VALUE":[89,85],"MAX_VALUE":[94,85]}}
