{"PREVALENCE_BY_GENDER_AGE_YEAR":{"TRELLIS_NAME":["90-99","70-79","40-49","60-69","40-49","70-79","50-59","60-69"],"SERIES_NAME":["FEMALE","FEMALE","FEMALE","MALE","MALE","MALE","FEMALE","FEMALE"],"X_CALENDAR_YEAR":["2008","2008","2008","2009","2009","2010","2010","2010"],"Y_PREVALENCE_1000PP":[38.46154,6.36943,66.66667,8.40336,41.66667,5.43478,71.42857,12.19512]},"PREVALENCE_BY_MONTH":{"X_CALENDAR_MONTH":"200801","Y_PREVALENCE_1000PP":1.02775},"LENGTH_OF_ERA":{"CATEGORY":"Length of era","MIN_VALUE":0,"P10_VALUE":0,"P25_VALUE":0,"MEDIAN_VALUE":0,"P75_VALUE":0,"P90_VALUE":5,"MAX_VALUE":5},"AGE_AT_FIRST_DIAGNOSIS":{"CATEGORY":["FEMALE","MALE"],"MIN_VALUE":[46,49],"P10_VALUE":[46,49],"P25_VALUE":[57,49],"MEDIAN_VALUE":[69,66],"P75_VALUE":[77,77],"P90_VALUE":[94,77],"MAX_VALUE":[94,77]}}
