{"PREVALENCE_BY_GENDER_AGE_YEAR":{"TRELLIS_NAME":["50-59","40-49","80-89","70-79","20-29","80-89","70-79","70-79","70-79"],"SERIES_NAME":["FEMALE","FEMALE","MALE","MALE","MALE","FEMALE","FEMALE","FEMALE","MALE"],"X_CALENDAR_YEAR":["2008","2008","2008","2009","2009","2009","2009","2010","2010"],"Y_PREVALENCE_1000PP":[58.82353,66.66667,12.04819,11.17318,142.85714,6.99301,6.21118,12.98701,5.43478]},"PREVALENCE_BY_MONTH":{"X_CALENDAR_MONTH":"201001","Y_PREVALENCE_1000PP":1.07527},"LENGTH_OF_ERA":{"CATEGORY":"Length of era","MIN_VALUE":0,"P10_VALUE":0,"P25_VALUE":0,"MEDIAN_VALUE":0,"P75_VALUE":0,"P90_VALUE":3,"MAX_VALUE":14},"AGE_AT_FIRST_DIAGNOSIS":{"CATEGORY":["FEMALE","MALE"],"MIN_VALUE":[45,28],"P10_VALUE":[45,28],"P25_VALUE":[50,70],"MEDIAN_VALUE":[70,72],"P75_VALUE":[77,76],"P90_VALUE":[82,82],"MAX_VALUE":[82,82]}}
