{"PREVALENCE_BY_GENDER_AGE_YEAR":{"TRELLIS_NAME":"80-89","SERIES_NAME":"MALE","X_CALENDAR_YEAR":"2010","Y_PREVALENCE_1000PP":11.23596},"PREVALENCE_BY_MONTH":{"X_CALENDAR_MONTH":[],"Y_PREVALENCE_1000PP":[]},"LENGTH_OF_ERA":{"CATEGORY":"Length of era","MIN_VALUE":0,"P10_VALUE":0,"P25_VALUE":0,"MEDIAN_VALUE":0,"P75_VALUE":0,"P90_VALUE":0,"MAX_VALUE":0},"AGE_AT_FIRST_DIAGNOSIS":{"CATEGORY":"MALE","MIN_VALUE":80,"P10_VALUE":80,"P25_VALUE":80,"MEDIAN_VALUE":80,"P75_VALUE":80,"P90_VALUE":80,"MAX_VALUE":80}}
