{"PREVALENCE_BY_GENDER_AGE_YEAR":{"TRELLIS_NAME":["80-89","40-49","90-99","50-59","30-39","30-39"],"SERIES_NAME":["MALE","FEMALE","MALE","MALE","MALE","MALE"],"X_CALENDAR_YEAR":["2008","2009","2009","2009","2009","2010"],"Y_PREVALENCE_1000PP":[24.09639,71.42857,71.42857,28.57143,166.66667,142.85714]},"PREVALENCE_BY_MONTH":{"X_CALENDAR_MONTH":[],"Y_PREVALENCE_1000PP":[]},"LENGTH_OF_ERA":{"CATEGORY":"Length of era","MIN_VALUE":0,"P10_VALUE":0,"P25_VALUE":0,"MEDIAN_VALUE":0,"P75_VALUE":0,"P90_VALUE":14,"MAX_VALUE":14},"AGE_AT_FIRST_DIAGNOSIS":{"CATEGORY":["FEMALE","MALE"],"MIN_VALUE":[49,31],"P10_VALUE":[49,31],"P25_VALUE":[49,53],"MEDIAN_VALUE":[49,81],"P75_VALUE":[49,82],"P90_VALUE":[49,90],"MAX_VALUE":[49,90]}}
