{"PREVALENCE_BY_GENDER_AGE_YEAR":{"TRELLIS_NAME":["80-89","60-69","40-49"],"SERIES_NAME":["FEMALE","FEMALE","FEMALE"],"X_CALENDAR_YEAR":["2008","2008","2008"],"Y_PREVALENCE_1000PP":[13.69863,8.84956,133.33333]},"PREVALENCE_BY_MONTH":{"X_CALENDAR_MONTH":[],"Y_PREVALENCE_1000PP":[]},"LENGTH_OF_ERA":{"CATEGORY":"Length of era","MIN_VALUE":0,"P10_VALUE":0,"P25_VALUE":0,"MEDIAN_VALUE":0,"P75_VALUE":0,"P90_VALUE":0,"MAX_VALUE":0},"AGE_AT_FIRST_DIAGNOSIS":{"CATEGORY":"FEMALE","MIN_VALUE":45,"P10_VALUE":45,"P25_VALUE":49,"MEDIAN_VALUE":68,"P75_VALUE":85,"P90_VALUE":86,"MAX_VALUE":86}}
