{"PREVALENCE_BY_GENDER_AGE_YEAR":{"TRELLIS_NAME":["60-69","70-79","60-69","70-79","60-69"],"SERIES_NAME":["MALE","FEMALE","MALE","MALE","MALE"],"X_CALENDAR_YEAR":["2008","2009","2009","2010","2010"],"Y_PREVALENCE_1000PP":[6.66667,12.42236,8.40336,5.43478,9.90099]},"PREVALENCE_BY_MONTH":{"X_CALENDAR_MONTH":[],"Y_PREVALENCE_1000PP":[]},"LENGTH_OF_ERA":{"CATEGORY":"Length of era","MIN_VALUE":0,"P10_VALUE":0,"P25_VALUE":0,"MEDIAN_VALUE":0,"P75_VALUE":0,"P90_VALUE":2,"MAX_VALUE":2},"AGE_AT_FIRST_DIAGNOSIS":{"CATEGORY":["FEMALE","MALE"],"MIN_VALUE":[74,62],"P10_VALUE":[74,62],"P25_VALUE":[74,62],"MEDIAN_VALUE":[74,66],"P75_VALUE":[74,67],"P90_VALUE":[74,78],"MAX_VALUE":[74,78]}}
