{"SUMMARY":{"ATTRIBUTE_NAME":["Source name","Number of persons"],"ATTRIBUTE_VALUE":["Demo data - 1K synthetic patients","1000"]},"GENDER_DATA":{"CONCEPT_ID":[8507,8532],"CONCEPT_NAME":["MALE","FEMALE"],"COUNT_VALUE":[502,498]},"AGE_AT_FIRST_OBSERVATION_HISTOGRAM":{"MIN":0,"MAX":100,"INTERVAL_SIZE":1,"INTERVALS":100,"DATA":{"INTERVAL_INDEX":[48,98,53,32,84,89,82,59,68,33,80,66,29,74,83,94,73,71,37,78,99,50,34,70,88,95,92,63,25,62,72,97,28,38,75,85,39,91,46,58,96,64,35,76,42,52,81,30,79,40,55,44,43,65,93,90,60,49,57,47,67,36,87,61,86,27,51,77,69,45,56,41],"COUNT_VALUE":[6,1,6,1,18,23,31,10,40,1,24,49,2,31,31,7,49,28,1,29,2,4,2,33,23,6,4,7,2,4,32,4,2,2,29,19,6,3,2,5,3,11,2,34,3,4,26,2,28,3,8,2,4,47,2,5,5,5,12,5,49,2,19,10,19,4,5,41,50,6,2,3],"PERCENT_VALUE":[0.006,0.001,0.006,0.001,0.018,0.023,0.031,0.01,0.04,0.001,0.024,0.049,0.002,0.031,0.031,0.007,0.049,0.028,0.001,0.029,0.002,0.004,0.002,0.033,0.023,0.006,0.004,0.007,0.002,0.004,0.032,0.004,0.002,0.002,0.029,0.019,0.006,0.003,0.002,0.005,0.003,0.011,0.002,0.034,0.003,0.004,0.026,0.002,0.028,0.003,0.008,0.002,0.004,0.047,0.002,0.005,0.005,0.005,0.012,0.005,0.049,0.002,0.019,0.01,0.019,0.004,0.005,0.041,0.05,0.006,0.002,0.003]}},"CUMULATIVE_DURATION":{"SERIES_NAME":["Length of observation","Length of observation","Length of observation","Length of observation","Length of observation","Length of observation","Length of observation","Length of observation","Length of observation","Length of observation","Length of observation","Length of observation","Length of observation","Length of observation","Length of observation","Length of observation","Length of observation","Length of observation","Length of observation","Length of observation","Length of observation","Length of observation","Length of observation","Length of observation","Length of observation","Length of observation","Length of observation","Length of observation","Length of observation","Length of observation","Length of observation","Length of observation","Length of observation","Length of observation","Length of observation"],"X_LENGTH_OF_OBSERVATION":[0,30,60,90,120,150,180,210,240,270,300,330,360,390,420,450,480,510,540,570,600,630,660,690,720,750,810,840,870,900,930,960,990,1020,1080],"Y_PERCENT_PERSONS":[1,0.999,0.99,0.989,0.984,0.982,0.977,0.972,0.97,0.962,0.951,0.943,0.935,0.909,0.908,0.907,0.904,0.902,0.901,0.9,0.898,0.896,0.895,0.893,0.892,0.856,0.854,0.853,0.852,0.851,0.849,0.847,0.846,0.845,0.843]},"OBSERVED_BY_MONTH":{"MONTH_YEAR":[200801,200901,201001],"COUNT_VALUE":[972,956,928],"PERCENT_VALUE":[0.972,0.956,0.928]}}
