{"PREVALENCE_BY_GENDER_AGE_YEAR":{"TRELLIS_NAME":["60-69","70-79","80-89","40-49","60-69","70-79","80-89","50-59","70-79","80-89","50-59","60-69","70-79","80-89","90-99","60-69","70-79","80-89","60-69","70-79","80-89"],"SERIES_NAME":["MALE","MALE","MALE","FEMALE","FEMALE","FEMALE","FEMALE","MALE","MALE","MALE","FEMALE","FEMALE","FEMALE","FEMALE","FEMALE","MALE","MALE","MALE","FEMALE","FEMALE","FEMALE"],"X_CALENDAR_YEAR":["2008","2008","2008","2008","2008","2008","2008","2009","2009","2009","2009","2009","2009","2009","2009","2010","2010","2010","2010","2010","2010"],"Y_PREVALENCE_1000PP":[13.33333,5.88235,24.09639,66.66667,17.69912,12.73885,27.39726,28.57143,22.34637,11.11111,71.42857,40.40404,24.84472,20.97902,48.78049,19.80198,16.30435,11.23596,12.19512,12.98701,13.98601]},"PREVALENCE_BY_MONTH":{"X_CALENDAR_MONTH":["200801","200901","201001"],"Y_PREVALENCE_1000PP":[1.02774922918808,2.08768267223382,2.1505376344086]},"DEATH_BY_TYPE":{"CONCEPT_ID":[38003565,38003567],"CONCEPT_NAME":["Payer enrollment status \"Deceased\"","Medical claim diagnostic code indicating death"],"COUNT_VALUE":[43,2]},"AGE_AT_DEATH":{"CATEGORY":["FEMALE","MALE"],"MIN_VALUE":[44,58],"P10_VALUE":[62,65],"P25_VALUE":[67,68],"MEDIAN_VALUE":[77,75],"P75_VALUE":[85,79],"P90_VALUE":[89,85],"MAX_VALUE":[90,87]}}
